--SDE
--1.0 Custom
--Heroes

--2274
--Apple Jack --Card Index 2289	--CharacterIndex 1137 --ExploreCharacterIndex 798
insert into Cards (Name, PictureFront, PictureBack, Link, CardType, ProductSet, ProductModule, PlayMode, Flavor) VALUES (
'Apple Jack', 
'http://htkb.info/SDE/1.0/Custom/Cards/Heroes/Card_Hero_Apple_Jack_1.0_Custom.png', 
'http://htkb.info/SDE/1.0/Custom/Cards/Heroes/Card_Hero_Apple_Jack_1.0_Custom_back.png', 
'http://htkb.online/SDWiki/SDE/1.0/Custom/Cards/Heroes/Apple_Jack.xhtml', 
'Hero', '1.0 Custom', '1.0 Custom Set', 'Default', 
'Applejack is dependable and loyal, always willing to help anybody in need.  She lives and works at Sweet Apple Acres and represents the element of honesty.');
insert into Characters (CardIndex) VALUES (2289);
insert into KeywordAssignments (ExploreCharacterIndex, KeywordIndex) VALUES (798, 142); --Tough
insert into AbilityAssignments (ExploreCharacterIndex, AbilityIndex) VALUES (798, 2080); --Buckaroo
insert into AbilityAssignments (ExploreCharacterIndex, AbilityIndex) VALUES (798, 2081); --Stampede
insert into AbilityAssignments (ExploreCharacterIndex, AbilityIndex) VALUES (798, 2082); --Haymaker
insert into AbilityAssignments (ExploreCharacterIndex, AbilityIndex) VALUES (798, 2083); --Applesauce
insert into ExploreCharacters (CharacterIndex, StandieFront, StandieBack, Gender, ModelSize, CreatureType, Movement, Actions, Strength, Armor, Will, Dexterity, Health, Potions) VALUES (
1137, 
'http://htkb.info/Common/Standies/My_Little_Pony/Apple_Jack.png', 
'http://htkb.info/Common/Standies/My_Little_Pony/Apple_Jack_back.png', 
'Feminine', 'Small', '', 8, 3, '3B', '2B', '1R', '2B', 6, 1);
insert into OffenseAssignments (ExploreCharacterIndex, AttributeIndex, OffenseRange) VALUES (798, 0, 1); --Attack
insert into DefenseAssignments (ExploreCharacterIndex, AttributeIndex) VALUES (798, 2); --Armor
insert into CustomCards (CardIndex, Author, SourceURL) VALUES(
2289,
'Damien Stanley, @Gubbinz',
'https://boardgamegeek.com/thread/1191087/sde-mlp-custom-heronies'
);

--Avenging Samurai --Card Index 2290	--CharacterIndex 1138 --ExploreCharacterIndex 799
insert into Cards (Name, PictureFront, PictureBack, Link, CardType, ProductSet, ProductModule, PlayMode, Flavor) VALUES (
'Avenging Samurai', 
'http://htkb.info/SDE/1.0/Custom/Cards/Heroes/Card_Hero_Avenging_Samurai_1.0_Custom.png', 
'http://htkb.info/SDE/1.0/Custom/Cards/Heroes/Card_Hero_Avenging_Samurai_1.0_Custom_back.png', 
'http://htkb.online/SDWiki/SDE/1.0/Custom/Cards/Heroes/Avenging_Samurai.xhtml', 
'Hero', '1.0 Custom', '1.0 Custom Set', 'Default', 
'');
insert into Characters (CardIndex) VALUES (2290);
insert into KeywordAssignments (ExploreCharacterIndex, KeywordIndex) VALUES (799, 63); --Immune: Weak
insert into AbilityAssignments (ExploreCharacterIndex, AbilityIndex) VALUES (799, 2084); --Mistwalker
insert into AbilityAssignments (ExploreCharacterIndex, AbilityIndex) VALUES (799, 2085); --Lunar Blade
insert into AbilityAssignments (ExploreCharacterIndex, AbilityIndex) VALUES (799, 2086); --Second Wind
insert into AbilityAssignments (ExploreCharacterIndex, AbilityIndex) VALUES (799, 2087); --Talent Blaster
insert into ExploreCharacters (CharacterIndex, StandieFront, StandieBack, Gender, ModelSize, CreatureType, Movement, Actions, Strength, Armor, Will, Dexterity, Health, Potions) VALUES (
1138, 
'http://htkb.info/Common/Standies/Avenging_Samurai.png', 
'http://htkb.info/Common/Standies/Avenging_Samurai_back.png', 
'Masculine', 'Small', 'Human', 6, 3, '2R', '3B', '1B1R', '1B1R', 5, 1);
insert into OffenseAssignments (ExploreCharacterIndex, AttributeIndex, OffenseRange) VALUES (799, 0, 1); --Attack
insert into DefenseAssignments (ExploreCharacterIndex, AttributeIndex) VALUES (799, 2); --Armor
insert into CustomCards (CardIndex, Author, SourceURL) VALUES(
2290,
'N India, @superstring',
'https://boardgamegeek.com/thread/763866/homemade-heropalooza-amazon-dancer-monk-samurai'
);

--Crystal Form --Card Index 2291	--CharacterIndex 1139 --ExploreCharacterIndex 800
insert into Cards (Name, PictureFront, PictureBack, Link, CardType, ProductSet, ProductModule, PlayMode, Flavor) VALUES (
'Crystal Form', 
'http://htkb.info/SDE/1.0/Custom/Cards/Heroes/Card_Hero_Crystal_Form_1.0_Custom.png', 
'http://htkb.info/SDE/1.0/Custom/Cards/Heroes/Card_Hero_Crystal_Form_1.0_Custom_back.png', 
'http://htkb.online/SDWiki/SDE/1.0/Custom/Cards/Heroes/Crystal_Form.xhtml', 
'Hero', '1.0 Custom', '1.0 Custom Set', 'Default', 
'');
insert into Characters (CardIndex) VALUES (2291);
insert into KeywordAssignments (ExploreCharacterIndex, KeywordIndex) VALUES (800, 1125); --Terrain
insert into ExploreCharacters (CharacterIndex, StandieFront, StandieBack, Gender, ModelSize, CreatureType, Movement, Actions, Strength, Armor, Will, Dexterity, Health, Potions) VALUES (
1139, 
'http://htkb.info/Common/Standies/Impact_Miniatures/Crystal_Form.png', 
'http://htkb.info/Common/Standies/Impact_Miniatures/Crystal_Form_back.png', 
'Neither', 'Small', '', 0, 0, '0', '1ST', '0', '0', 1, 0);
insert into OffenseAssignments (ExploreCharacterIndex, AttributeIndex, OffenseRange) VALUES (800, 0, 0); --Attack
insert into DefenseAssignments (ExploreCharacterIndex, AttributeIndex) VALUES (800, 2); --Armor
insert into CustomCards (CardIndex, Author, SourceURL) VALUES(
2290,
'Damien Stanley, @Gubbinz',
'https://boardgamegeek.com/thread/1191087/sde-mlp-custom-heronies'
);

--Diva, Royal Guard --Card Index 2292	--CharacterIndex 1140 --ExploreCharacterIndex 801
insert into Cards (Name, PictureFront, PictureBack, Link, CardType, ProductSet, ProductModule, PlayMode, Flavor) VALUES (
'Diva, Royal Guard', 
'http://htkb.info/SDE/1.0/Custom/Cards/Heroes/Card_Hero_Diva_Royal_Guard_1.0_Custom.png', 
'http://htkb.info/SDE/1.0/Custom/Cards/Heroes/Card_Hero_Diva_Royal_Guard_1.0_Custom_back.png', 
'http://htkb.online/SDWiki/SDE/1.0/Custom/Cards/Heroes/Diva_Royal_Guard.xhtml', 
'Hero', '1.0 Custom', '1.0 Custom Set', 'Default', 
'As Captain of the Royal Guard, Diva''s chief duty is rescuing Prince Aaron when he charges off alone on another foolish quest.');
insert into Characters (CardIndex) VALUES (2292);
insert into KeywordAssignments (ExploreCharacterIndex, KeywordIndex) VALUES (801, 134); --Sturdy
insert into AbilityAssignments (ExploreCharacterIndex, AbilityIndex) VALUES (801, 2088); --Stand Fast!
insert into AbilityAssignments (ExploreCharacterIndex, AbilityIndex) VALUES (801, 2089); --Smite
insert into AbilityAssignments (ExploreCharacterIndex, AbilityIndex) VALUES (801, 2090); --Anesthesia
insert into ExploreCharacters (CharacterIndex, StandieFront, StandieBack, Gender, ModelSize, CreatureType, Movement, Actions, Strength, Armor, Will, Dexterity, Health, Potions) VALUES (
1140, 
'http://htkb.info/Common/Standies/Arcadia_Quest/Diva_Royal_Guard.png', 
'http://htkb.info/Common/Standies/Arcadia_Quest/Diva_Royal_Guard_back.png', 
'Feminine', 'Small', 'Human', 6, 3, '1B1R', '1B2R', '1B1R', '1B1R', 5, 1);
insert into OffenseAssignments (ExploreCharacterIndex, AttributeIndex, OffenseRange) VALUES (801, 0, 1); --Attack
insert into DefenseAssignments (ExploreCharacterIndex, AttributeIndex) VALUES (801, 2); --Armor
insert into CustomCards (CardIndex, Author, SourceURL) VALUES(
2291,
'Ulf Beorstruk, @Ulf Beorstruk',
'https://boardgamegeek.com/image/1963634/ulf-beorstruk'
);

--Dragonmaster --Card Index 2293	--CharacterIndex 1141 --ExploreCharacterIndex 802
insert into Cards (Name, PictureFront, PictureBack, Link, CardType, ProductSet, ProductModule, PlayMode, Flavor) VALUES (
'Dragonmaster', 
'http://htkb.info/SDE/1.0/Custom/Cards/Heroes/Card_Hero_Dragonmaster_1.0_Custom.png', 
'http://htkb.info/SDE/1.0/Custom/Cards/Heroes/Card_Hero_Dragonmaster_1.0_Custom_back.png', 
'http://htkb.online/SDWiki/SDE/1.0/Custom/Cards/Heroes/Dragonmaster.xhtml', 
'Hero', '1.0 Custom', '1.0 Custom Set', 'Default', 
'');
insert into Characters (CardIndex) VALUES (2293);
insert into KeywordAssignments (ExploreCharacterIndex, KeywordIndex) VALUES (802, 32); --Fire
insert into KeywordAssignments (ExploreCharacterIndex, KeywordIndex) VALUES (802, 54); --Immune: Fire
insert into AbilityAssignments (ExploreCharacterIndex, AbilityIndex) VALUES (802, 2091); --Summoning
insert into AbilityAssignments (ExploreCharacterIndex, AbilityIndex) VALUES (802, 2092); --Direct
insert into AbilityAssignments (ExploreCharacterIndex, AbilityIndex) VALUES (802, 2093); --Bolster
insert into AbilityAssignments (ExploreCharacterIndex, AbilityIndex) VALUES (802, 2094); --Coals
insert into ExploreCharacters (CharacterIndex, StandieFront, StandieBack, Gender, ModelSize, CreatureType, Movement, Actions, Strength, Armor, Will, Dexterity, Health, Potions) VALUES (
1141, 
'http://htkb.info/Common/Standies/Arcadia_Quest/Dragonmaster.png', 
'http://htkb.info/Common/Standies/Arcadia_Quest/Dragonmaster_back.png', 
'Feminine', 'Small', 'Human', 6, 3, '1B1R', '1B2R', '1B1R', '1B1R', 5, 1);
insert into OffenseAssignments (ExploreCharacterIndex, AttributeIndex, OffenseRange) VALUES (802, 0, 1); --Attack
insert into DefenseAssignments (ExploreCharacterIndex, AttributeIndex) VALUES (801, 2); --Armor
insert into CustomCards (CardIndex, Author, SourceURL) VALUES(
2291,
'Ulf Beorstruk, @Ulf Beorstruk',
'https://boardgamegeek.com/image/1963685/ulf-beorstruk'
);

--Enchanted Dancer --Card Index 2294	--CharacterIndex 1142 --ExploreCharacterIndex 803
insert into Cards (Name, PictureFront, PictureBack, Link, CardType, ProductSet, ProductModule, PlayMode, Flavor) VALUES (
'Enchanted Dancer', 
'http://htkb.info/SDE/1.0/Custom/Cards/Heroes/Card_Hero_Enchanted_Dancer_1.0_Custom.png', 
'http://htkb.info/SDE/1.0/Custom/Cards/Heroes/Card_Hero_Enchanted_Dancer_1.0_Custom_back.png', 
'http://htkb.online/SDWiki/SDE/1.0/Custom/Cards/Heroes/Enchanted_Dancer.xhtml', 
'Hero', '1.0 Custom', '1.0 Custom Set', 'Default', 
'');
insert into Characters (CardIndex) VALUES (2294);
insert into KeywordAssignments (ExploreCharacterIndex, KeywordIndex) VALUES (803, 56); --Immune: Immobile
insert into KeywordAssignments (ExploreCharacterIndex, KeywordIndex) VALUES (803, 29); --Dodge
insert into KeywordAssignments (ExploreCharacterIndex, KeywordIndex) VALUES (803, 1126); --Seductress
insert into AbilityAssignments (ExploreCharacterIndex, AbilityIndex) VALUES (803, 2095); --Sexy Dance
insert into AbilityAssignments (ExploreCharacterIndex, AbilityIndex) VALUES (803, 2096); --Kaleidoscope
insert into AbilityAssignments (ExploreCharacterIndex, AbilityIndex) VALUES (803, 2097); --Whirling Dervish
insert into AbilityAssignments (ExploreCharacterIndex, AbilityIndex) VALUES (803, 2098); --Caffeine Pills
insert into ExploreCharacters (CharacterIndex, StandieFront, StandieBack, Gender, ModelSize, CreatureType, Movement, Actions, Strength, Armor, Will, Dexterity, Health, Potions) VALUES (
1142, 
'http://htkb.info/Common/Standies/Enchanted_Dancer.png', 
'http://htkb.info/Common/Standies/Enchanted_Dancer_back.png', 
'Feminine', 'Small', 'Human', 6, 3, '1B1R', '1B2R', '1B1R', '1B1R', 5, 1);
insert into OffenseAssignments (ExploreCharacterIndex, AttributeIndex, OffenseRange) VALUES (803, 0, 1); --Attack
insert into DefenseAssignments (ExploreCharacterIndex, AttributeIndex) VALUES (803, 2); --Armor
insert into CustomCards (CardIndex, Author, SourceURL) VALUES(
2292,
'N India, @superstring',
'https://boardgamegeek.com/thread/763866/homemade-heropalooza-amazon-dancer-monk-samurai'
);

--Fluttershy --Card Index 2295	--CharacterIndex 1143 --ExploreCharacterIndex 804
insert into Cards (Name, PictureFront, PictureBack, Link, CardType, ProductSet, ProductModule, PlayMode, Flavor) VALUES (
'Fluttershy', 
'http://htkb.info/SDE/1.0/Custom/Cards/Heroes/Card_Hero_Fluttershy_1.0_Custom.png', 
'http://htkb.info/SDE/1.0/Custom/Cards/Heroes/Card_Hero_Fluttershy_1.0_Custom_back.png', 
'http://htkb.online/SDWiki/SDE/1.0/Custom/Cards/Heroes/Fluttershy.xhtml', 
'Hero', '1.0 Custom', '1.0 Custom Set', 'Default', 
'');
insert into Characters (CardIndex) VALUES (2295);
insert into KeywordAssignments (ExploreCharacterIndex, KeywordIndex) VALUES (804, 36); --Fly
insert into KeywordAssignments (ExploreCharacterIndex, KeywordIndex) VALUES (804, 38); --Fragile
insert into AbilityAssignments (ExploreCharacterIndex, AbilityIndex) VALUES (804, 2117); --Finding Strays
insert into AbilityAssignments (ExploreCharacterIndex, AbilityIndex) VALUES (804, 2118); --Can I Keep Him?
insert into AbilityAssignments (ExploreCharacterIndex, AbilityIndex) VALUES (804, 2119); --Liquid Courage
insert into ExploreCharacters (CharacterIndex, StandieFront, StandieBack, Gender, ModelSize, CreatureType, Movement, Actions, Strength, Armor, Will, Dexterity, Health, Potions) VALUES (
1143, 
'http://htkb.info/Common/Standies/My_Little_Pony/Fluttershy.png', 
'http://htkb.info/Common/Standies/My_Little_Pony/Fluttershy_back.png', 
'Feminine', 'Small', '', 8, 2, '2B', '2B', '1B', '1B1R', 6, 1);
insert into OffenseAssignments (ExploreCharacterIndex, AttributeIndex, OffenseRange) VALUES (804, 0, 1); --Attack
insert into DefenseAssignments (ExploreCharacterIndex, AttributeIndex) VALUES (804, 2); --Armor
insert into CustomCards (CardIndex, Author, SourceURL) VALUES(
2293,
'Damien Stanley, @Gubbinz',
'https://boardgamegeek.com/thread/1191087/sde-mlp-custom-heronies'
);

--Frostbyte Warrior --Card Index 2296	--CharacterIndex 1144 --ExploreCharacterIndex 805
insert into Cards (Name, PictureFront, PictureBack, Link, CardType, ProductSet, ProductModule, PlayMode, Flavor) VALUES (
'Frostbyte Warrior', 
'http://htkb.info/SDE/1.0/Custom/Cards/Heroes/Card_Hero_Frostbyte_Warrior_1.0_Custom.png', 
'http://htkb.info/SDE/1.0/Custom/Cards/Heroes/Card_Hero_Frostbyte_Warrior_1.0_Custom_back.png', 
'http://htkb.online/SDWiki/SDE/1.0/Custom/Cards/Heroes/Frostbyte_Warrior.xhtml', 
'Hero', '1.0 Custom', '1.0 Custom Set', 'Default', 
'');
insert into Characters (CardIndex) VALUES (2296);
insert into KeywordAssignments (ExploreCharacterIndex, KeywordIndex) VALUES (805, 59); --Immune: Poison
insert into KeywordAssignments (ExploreCharacterIndex, KeywordIndex) VALUES (805, 104); --Reach 2
insert into AbilityAssignments (ExploreCharacterIndex, AbilityIndex) VALUES (805, 2120); --I am NOT a man!
insert into AbilityAssignments (ExploreCharacterIndex, AbilityIndex) VALUES (805, 2121); --Wanna Wrassle?
insert into AbilityAssignments (ExploreCharacterIndex, AbilityIndex) VALUES (805, 2122); --Kegus Universalis
insert into ExploreCharacters (CharacterIndex, StandieFront, StandieBack, Gender, ModelSize, CreatureType, Movement, Actions, Strength, Armor, Will, Dexterity, Health, Potions) VALUES (
1144, 
'http://htkb.info/Common/Standies/Frostbyte_Warrior.png', 
'http://htkb.info/Common/Standies/Frostbyte_Warrior_back.png', 
'Either', 'Small', 'Flind', 6, 3, '2B 1R', '2B', '1B', '1B1R', 6, 1);
insert into OffenseAssignments (ExploreCharacterIndex, AttributeIndex, OffenseRange) VALUES (805, 0, 1); --Attack
insert into DefenseAssignments (ExploreCharacterIndex, AttributeIndex) VALUES (805, 2); --Armor
insert into CustomCards (CardIndex, Author, SourceURL) VALUES(
2294,
'TBD',
'https://www.pinterest.com/pin/423971752430359267/'
);

--Glauerdoom Hunter --Card Index 2297	--CharacterIndex 1145 --ExploreCharacterIndex 806
insert into Cards (Name, PictureFront, PictureBack, Link, CardType, ProductSet, ProductModule, PlayMode, Flavor) VALUES (
'Glauerdoom Hunter', 
'http://htkb.info/SDE/1.0/Custom/Cards/Heroes/Card_Hero_Glauerdoom_Hunter_1.0_Custom.png', 
'http://htkb.info/SDE/1.0/Custom/Cards/Heroes/Card_Hero_Glauerdoom_Hunter_1.0_Custom_back.png', 
'http://htkb.online/SDWiki/SDE/1.0/Custom/Cards/Heroes/Glauerdoom_Hunter.xhtml', 
'Hero', '1.0 Custom', '1.0 Custom Set', 'Default', 
'');
insert into Characters (CardIndex) VALUES (2297);
insert into KeywordAssignments (ExploreCharacterIndex, KeywordIndex) VALUES (806, 41); --Healer
insert into KeywordAssignments (ExploreCharacterIndex, KeywordIndex) VALUES (806, 103); --Range 8
insert into AbilityAssignments (ExploreCharacterIndex, AbilityIndex) VALUES (806, 108); --Shapeshift
insert into AbilityAssignments (ExploreCharacterIndex, AbilityIndex) VALUES (806, 2123); --Subdue
insert into AbilityAssignments (ExploreCharacterIndex, AbilityIndex) VALUES (806, 2124); --Supressing Fire
insert into AbilityAssignments (ExploreCharacterIndex, AbilityIndex) VALUES (806, 2125); --Sunburst
insert into ExploreCharacters (CharacterIndex, StandieFront, StandieBack, Gender, ModelSize, CreatureType, Movement, Actions, Strength, Armor, Will, Dexterity, Health, Potions) VALUES (
1145, 
'http://htkb.info/Common/Standies/Arcadia_Quest/Glauerdoom_Hunter.png', 
'http://htkb.info/Common/Standies/Arcadia_Quest/Glauerdoom_Hunter_back.png', 
'Masculine', 'Small', 'Human', 6, 3, '2B', '1B 1R', '1B 1R', '3B', 5, 1);
insert into OffenseAssignments (ExploreCharacterIndex, AttributeIndex, OffenseRange) VALUES (806, 0, 1); --Attack
insert into DefenseAssignments (ExploreCharacterIndex, AttributeIndex) VALUES (806, 2); --Armor
insert into CustomCards (CardIndex, Author, SourceURL) VALUES(
2295,
'Ulf Beorstruk, @Ulf Beorstruk',
'https://boardgamegeek.com/image/1967539/ulf-beorstruk'
);

--Guild Swordsman --Card Index 2298	--CharacterIndex 1146 --ExploreCharacterIndex 807
insert into Cards (Name, PictureFront, PictureBack, Link, CardType, ProductSet, ProductModule, PlayMode, Flavor) VALUES (
'Guild Swordsman', 
'http://htkb.info/SDE/1.0/Custom/Cards/Heroes/Card_Hero_Guild_Swordsman_1.0_Custom.png', 
'http://htkb.info/SDE/1.0/Custom/Cards/Heroes/Card_Hero_Guild_Swordsman_1.0_Custom_back.png', 
'http://htkb.online/SDWiki/SDE/1.0/Custom/Cards/Heroes/Guild_Swordsman.xhtml', 
'Hero', '1.0 Custom', '1.0 Custom Set', 'Default', 
'Though young, Johan is a veteran adenturer, and knows all the tricks of the trade.');
insert into Characters (CardIndex) VALUES (2298);
insert into KeywordAssignments (ExploreCharacterIndex, KeywordIndex) VALUES (807, 41); --Healer
insert into KeywordAssignments (ExploreCharacterIndex, KeywordIndex) VALUES (807, 103); --Swarm
insert into AbilityAssignments (ExploreCharacterIndex, AbilityIndex) VALUES (807, 2126); --Takedown
insert into AbilityAssignments (ExploreCharacterIndex, AbilityIndex) VALUES (807, 2127); --Sunder
insert into AbilityAssignments (ExploreCharacterIndex, AbilityIndex) VALUES (807, 2128); --Styigan Root
insert into ExploreCharacters (CharacterIndex, StandieFront, StandieBack, Gender, ModelSize, CreatureType, Movement, Actions, Strength, Armor, Will, Dexterity, Health, Potions) VALUES (
1146, 
'http://htkb.info/Common/Standies/Arcadia_Quest/Guild_Swordsman.png', 
'http://htkb.info/Common/Standies/Arcadia_Quest/Guild_Swordsman_back.png', 
'Masculine', 'Small', 'Human', 6, 3, '3B', '1B 1R', '1B 1R', '2B', 5, 1);
insert into OffenseAssignments (ExploreCharacterIndex, AttributeIndex, OffenseRange) VALUES (807, 0, 1); --Attack
insert into DefenseAssignments (ExploreCharacterIndex, AttributeIndex) VALUES (807, 2); --Armor
insert into CustomCards (CardIndex, Author, SourceURL) VALUES(
2296,
'Ulf Beorstruk, @Ulf Beorstruk',
'https://boardgamegeek.com/image/1963600/ulf-beorstruk'
);

--Herald of Vulcanis --Card Index 2299	--CharacterIndex 1147 --ExploreCharacterIndex 808
insert into Cards (Name, PictureFront, PictureBack, Link, CardType, ProductSet, ProductModule, PlayMode, Flavor) VALUES (
'Herald of Vulcanis', 
'http://htkb.info/SDE/1.0/Custom/Cards/Heroes/Card_Hero_Herald_of_Vulcanis_1.0_Custom.png', 
'http://htkb.info/SDE/1.0/Custom/Cards/Heroes/Card_Hero_Herald_of_Vulcanis_1.0_Custom_back.png', 
'http://htkb.online/SDWiki/SDE/1.0/Custom/Cards/Heroes/Herald_of_Vulcanis.xhtml', 
'Hero', '1.0 Custom', '1.0 Custom Set', 'Default', 
'');
insert into Characters (CardIndex) VALUES (2299);
insert into KeywordAssignments (ExploreCharacterIndex, KeywordIndex) VALUES (808, 54); --Immune: Fire
insert into KeywordAssignments (ExploreCharacterIndex, KeywordIndex) VALUES (808, 142); --Tough
insert into AbilityAssignments (ExploreCharacterIndex, AbilityIndex) VALUES (808, 2129); --Sword of Vulcanis
insert into AbilityAssignments (ExploreCharacterIndex, AbilityIndex) VALUES (808, 2130); --Shield Smash
insert into AbilityAssignments (ExploreCharacterIndex, AbilityIndex) VALUES (808, 2131); --Heroic Scream
insert into AbilityAssignments (ExploreCharacterIndex, AbilityIndex) VALUES (808, 2132); --Elixir of Fire
insert into ExploreCharacters (CharacterIndex, StandieFront, StandieBack, Gender, ModelSize, CreatureType, Movement, Actions, Strength, Armor, Will, Dexterity, Health, Potions) VALUES (
1147, 
'http://htkb.info/SDE/Standies/Alternate/Herald_of_Vulcanis.png', 
'http://htkb.info/SDE/Standies/Alternate/Herald_of_Vulcanis_back.png', 
'Masculine', 'Small', 'Human', 6, 3, '3B', '1B 1R', '1B 1R', '2B', 5, 1);
insert into OffenseAssignments (ExploreCharacterIndex, AttributeIndex, OffenseRange) VALUES (808, 0, 1); --Attack
insert into DefenseAssignments (ExploreCharacterIndex, AttributeIndex) VALUES (808, 2); --Armor
insert into CustomCards (CardIndex, Author, SourceURL) VALUES(
2297,
'Kristof Hense, @Kritte',
'https://boardgamegeek.com/image/1747348/kritte'
);

--Hexcast Sorceress --Card Index 2300	--CharacterIndex 1148 --ExploreCharacterIndex 809
insert into Cards (Name, PictureFront, PictureBack, Link, CardType, ProductSet, ProductModule, PlayMode, Flavor) VALUES (
'Hexcast Sorceress', 
'http://htkb.info/SDE/1.0/Custom/Cards/Heroes/Card_Hero_Hexcast_Sorceress_1.0_Custom.png', 
'http://htkb.info/SDE/1.0/Custom/Cards/Heroes/Card_Hero_Hexcast_Sorceress_1.0_Custom_back.png', 
'http://htkb.online/SDWiki/SDE/1.0/Custom/Cards/Heroes/Hexcast_Sorceress.xhtml', 
'Hero', '1.0 Custom', '1.0 Custom Set', 'Default', 
'Trained in the dark arts of hexes and curses the Hexcast Covens are uneasy allies to the rulers of Crystalia.  Nonetheless thier potency in battle cannot be denied.  Slowing enemies, shattering armor, and weakening their foes a Hexcast Sorceress can lay even the mightiest low.');
insert into Characters (CardIndex) VALUES (2300);
insert into KeywordAssignments (ExploreCharacterIndex, KeywordIndex) VALUES (809, 79); --Magic 8
insert into AbilityAssignments (ExploreCharacterIndex, AbilityIndex) VALUES (809, 53); --Frozen Feet
insert into AbilityAssignments (ExploreCharacterIndex, AbilityIndex) VALUES (809, 66); --Hobbled Hands
insert into AbilityAssignments (ExploreCharacterIndex, AbilityIndex) VALUES (809, 15); --Broken Bones
insert into AbilityAssignments (ExploreCharacterIndex, AbilityIndex) VALUES (809, 152); --Wizard Wings
insert into ExploreCharacters (CharacterIndex, StandieFront, StandieBack, Gender, ModelSize, CreatureType, Movement, Actions, Strength, Armor, Will, Dexterity, Health, Potions) VALUES (
1148, 
'http://htkb.info/SDE/Standies/Alternate/Hexcast_Sorceress.png', 
'http://htkb.info/SDE/Standies/Alternate/Hexcast_Sorceress_back.png', 
'Feminine', 'Small', 'Human', 6, 3, '2B', '3B', '1B 1R', '1B 1R', 5, 1);
insert into OffenseAssignments (ExploreCharacterIndex, AttributeIndex, OffenseRange) VALUES (809, 0, 1); --Attack
insert into DefenseAssignments (ExploreCharacterIndex, AttributeIndex) VALUES (809, 2); --Armor
insert into CustomCards (CardIndex, Author, SourceURL) VALUES(
2298,
'@EY',
'https://kawaiisaa.blogspot.com/2015/09/super-dungeon-explore.html'
);

--Hired Hand --Card Index 2301	--CharacterIndex 1149 --ExploreCharacterIndex 810
insert into Cards (Name, PictureFront, PictureBack, Link, CardType, ProductSet, ProductModule, PlayMode, Flavor) VALUES (
'Hired Hand', 
'http://htkb.info/SDE/1.0/Custom/Cards/Heroes/Card_Hero_Hired_Hand_1.0_Custom.png', 
'http://htkb.info/SDE/1.0/Custom/Cards/Heroes/Card_Hero_Hired_Hand_1.0_Custom_back.png', 
'http://htkb.online/SDWiki/SDE/1.0/Custom/Cards/Heroes/Hired_Hand.xhtml', 
'Hero', '1.0 Custom', '1.0 Custom Set', 'Default', 
'');
insert into Characters (CardIndex) VALUES (2301);
insert into KeywordAssignments (ExploreCharacterIndex, KeywordIndex) VALUES (810, 1131); --Hired Hand
insert into ExploreCharacters (CharacterIndex, StandieFront, StandieBack, Gender, ModelSize, CreatureType, Movement, Actions, Strength, Armor, Will, Dexterity, Health, Potions) VALUES (
1149, 
'http://htkb.info/Common/Standies/Hired_Hand.png', 
'http://htkb.info/Common/Standies/Hired_Hand_back.png', 
'Either', 'Small', 'Human', 6, 3, '1B 1R', '1B 1R', '2B', '2B', 3, 0);
insert into OffenseAssignments (ExploreCharacterIndex, AttributeIndex, OffenseRange) VALUES (810, 0, 1); --Attack
insert into DefenseAssignments (ExploreCharacterIndex, AttributeIndex) VALUES (810, 2); --Armor
insert into CustomCards (CardIndex, Author, SourceURL) VALUES(
2399,
'Adam Porter, @Adam78',
'https://boardgamegeek.com/image/1238034/adam78'
);

--Lotus Temple Monk --Card Index 2302	--CharacterIndex 1150 --ExploreCharacterIndex 811
insert into Cards (Name, PictureFront, PictureBack, Link, CardType, ProductSet, ProductModule, PlayMode, Flavor) VALUES (
'Lotus Temple Monk', 
'http://htkb.info/SDE/1.0/Custom/Cards/Heroes/Card_Hero_Lotus_Temple_Monk_1.0_Custom.png', 
'http://htkb.info/SDE/1.0/Custom/Cards/Heroes/Card_Hero_Lotus_Temple_Monk_1.0_Custom_back.png', 
'http://htkb.online/SDWiki/SDE/1.0/Custom/Cards/Heroes/Lotus_Temple_Monk.xhtml', 
'Hero', '1.0 Custom', '1.0 Custom Set', 'Default', 
'');
insert into Characters (CardIndex) VALUES (2302);
insert into KeywordAssignments (ExploreCharacterIndex, KeywordIndex) VALUES (811, 104); --Reach 2
insert into KeywordAssignments (ExploreCharacterIndex, KeywordIndex) VALUES (811, 52); --Immune: Choke
insert into AbilityAssignments (ExploreCharacterIndex, AbilityIndex) VALUES (811, 2133); --Lotus Blossom
insert into AbilityAssignments (ExploreCharacterIndex, AbilityIndex) VALUES (811, 2134); --Chakra Blast
insert into AbilityAssignments (ExploreCharacterIndex, AbilityIndex) VALUES (811, 2135); --Instant Karma
insert into AbilityAssignments (ExploreCharacterIndex, AbilityIndex) VALUES (811, 2136); --Inner Peace
insert into ExploreCharacters (CharacterIndex, StandieFront, StandieBack, Gender, ModelSize, CreatureType, Movement, Actions, Strength, Armor, Will, Dexterity, Health, Potions) VALUES (
1150, 
'http://htkb.info/Common/Standies/Lotus_Temple_Monk.png', 
'http://htkb.info/Common/Standies/Lotus_Temple_Monk_back.png', 
'Masculine', 'Small', 'Human', 6, 3, '3B', '3B', '2R', '2B', 5, 1);
insert into OffenseAssignments (ExploreCharacterIndex, AttributeIndex, OffenseRange) VALUES (811, 0, 1); --Attack
insert into DefenseAssignments (ExploreCharacterIndex, AttributeIndex) VALUES (811, 2); --Armor
insert into CustomCards (CardIndex, Author, SourceURL) VALUES(
2300,
'N India, @superstring',
'https://boardgamegeek.com/thread/763866/homemade-heropalooza-amazon-dancer-monk-samurai'
);

--Maya, Ice Mage --Card Index 2303	--CharacterIndex 1151 --ExploreCharacterIndex 812
insert into Cards (Name, PictureFront, PictureBack, Link, CardType, ProductSet, ProductModule, PlayMode, Flavor) VALUES (
'Maya, Ice Mage', 
'http://htkb.info/SDE/1.0/Custom/Cards/Heroes/Card_Hero_Maya_Ice_Mage_1.0_Custom.png', 
'http://htkb.info/SDE/1.0/Custom/Cards/Heroes/Card_Hero_Maya_Ice_Mage_1.0_Custom_back.png', 
'http://htkb.online/SDWiki/SDE/1.0/Custom/Cards/Heroes/Maya_Ice_Mage.xhtml', 
'Hero', '1.0 Custom', '1.0 Custom Set', 'Default', 
'');
insert into Characters (CardIndex) VALUES (2303);
insert into KeywordAssignments (ExploreCharacterIndex, KeywordIndex) VALUES (812, 79); --Magic 8
insert into KeywordAssignments (ExploreCharacterIndex, KeywordIndex) VALUES (812, 23); --Cold
insert into AbilityAssignments (ExploreCharacterIndex, AbilityIndex) VALUES (812, 2137); --Arcane Fury
insert into AbilityAssignments (ExploreCharacterIndex, AbilityIndex) VALUES (812, 2138); --Blizzard
insert into AbilityAssignments (ExploreCharacterIndex, AbilityIndex) VALUES (812, 2139); --Freeze the Heartblood
insert into AbilityAssignments (ExploreCharacterIndex, AbilityIndex) VALUES (812, 2140); --Ice Queen
insert into ExploreCharacters (CharacterIndex, StandieFront, StandieBack, Gender, ModelSize, CreatureType, Movement, Actions, Strength, Armor, Will, Dexterity, Health, Potions) VALUES (
1151, 
'http://htkb.info/Common/Standies/Arcadia_Quest/Maya_Ice_Mage.png', 
'http://htkb.info/Common/Standies/Arcadia_Quest/Maya_Ice_Mage_back.png', 
'Feminine', 'Small', 'Human', 6, 3, '2B', '1B 1R', '2R', '2B', 4, 1);
insert into OffenseAssignments (ExploreCharacterIndex, AttributeIndex, OffenseRange) VALUES (812, 0, 1); --Attack
insert into DefenseAssignments (ExploreCharacterIndex, AttributeIndex) VALUES (812, 2); --Armor
insert into CustomCards (CardIndex, Author, SourceURL) VALUES(
2301,
'Ulf Beorstruk, @Ulf Beorstruk',
'https://boardgamegeek.com/image/1963422/ulf-beorstruk'
);

--Nekkoneer Captain --Card Index 2304	--CharacterIndex 1152 --ExploreCharacterIndex 813
insert into Cards (Name, PictureFront, PictureBack, Link, CardType, ProductSet, ProductModule, PlayMode, Flavor) VALUES (
'Nekkoneer Captain', 
'http://htkb.info/SDE/1.0/Custom/Cards/Heroes/Card_Hero_Nekkoneer_Captain_1.0_Custom.png', 
'http://htkb.info/SDE/1.0/Custom/Cards/Heroes/Card_Hero_Nekkoneer_Captain_1.0_Custom_back.png', 
'http://htkb.online/SDWiki/SDE/1.0/Custom/Cards/Heroes/Nekkoneer_Captain.xhtml', 
'Hero', '1.0 Custom', '1.0 Custom Set', 'Default', 
'');
insert into Characters (CardIndex) VALUES (2304);
insert into KeywordAssignments (ExploreCharacterIndex, KeywordIndex) VALUES (813, 29); --Dodge
insert into KeywordAssignments (ExploreCharacterIndex, KeywordIndex) VALUES (813, 135); --Surefoot
insert into AbilityAssignments (ExploreCharacterIndex, AbilityIndex) VALUES (813, 2141); --Swash th'Bucks!
insert into AbilityAssignments (ExploreCharacterIndex, AbilityIndex) VALUES (813, 2142); --Nyahaha Taunt
insert into AbilityAssignments (ExploreCharacterIndex, AbilityIndex) VALUES (813, 2143); --Cap'n's Grog
insert into ExploreCharacters (CharacterIndex, StandieFront, StandieBack, Gender, ModelSize, CreatureType, Movement, Actions, Strength, Armor, Will, Dexterity, Health, Potions) VALUES (
1152, 
'http://htkb.info/Common/Standies/Nekkoneer_Captain.png', 
'http://htkb.info/Common/Standies/Nekkoneer_Captain_back.png', 
'Feminine', 'Small', 'Catgirl', 7, 3, '3B', '2B', '2R', '2R', 5, 1);
insert into OffenseAssignments (ExploreCharacterIndex, AttributeIndex, OffenseRange) VALUES (813, 0, 1); --Attack
insert into DefenseAssignments (ExploreCharacterIndex, AttributeIndex) VALUES (813, 2); --Armor
insert into CustomCards (CardIndex, Author, SourceURL) VALUES(
2302,
'TBD',
'TBD'
);

--Pinkie Pie --Card Index 2305	--CharacterIndex 1153 --ExploreCharacterIndex 814
insert into Cards (Name, PictureFront, PictureBack, Link, CardType, ProductSet, ProductModule, PlayMode, Flavor) VALUES (
'Pinkie Pie', 
'http://htkb.info/SDE/1.0/Custom/Cards/Heroes/Card_Hero_Pinkie_Pie_1.0_Custom.png', 
'http://htkb.info/SDE/1.0/Custom/Cards/Heroes/Card_Hero_Pinkie_Pie_1.0_Custom_back.png', 
'http://htkb.online/SDWiki/SDE/1.0/Custom/Cards/Heroes/Pinkie_Pie.xhtml', 
'Hero', '1.0 Custom', '1.0 Custom Set', 'Default', 
'Pinkie is energetic and sociable, and she represents the element of laughter.  She works at Sugarcube Corner and lives on the bakery''s second floor with Gummy, her pet toothless baby alligator.');
insert into Characters (CardIndex) VALUES (2305);
insert into KeywordAssignments (ExploreCharacterIndex, KeywordIndex) VALUES (814, 79); --Magic 8
insert into AbilityAssignments (ExploreCharacterIndex, AbilityIndex) VALUES (814, 2144); --Confetti Bomb
insert into AbilityAssignments (ExploreCharacterIndex, AbilityIndex) VALUES (814, 2145); --Super-Sticky-Double-Bubble Bubble-Gum
insert into AbilityAssignments (ExploreCharacterIndex, AbilityIndex) VALUES (814, 2146); --Pinkie Cannon
insert into AbilityAssignments (ExploreCharacterIndex, AbilityIndex) VALUES (814, 2147); --Pinkie Logic
insert into ExploreCharacters (CharacterIndex, StandieFront, StandieBack, Gender, ModelSize, CreatureType, Movement, Actions, Strength, Armor, Will, Dexterity, Health, Potions) VALUES (
1153, 
'http://htkb.info/Common/Standies/My_Little_Pony/Pinkie_Pie.png', 
'http://htkb.info/Common/Standies/My_Little_Pony/Pinkie_Pie_back.png', 
'Feminine', 'Small', '', 8, 3, '2B', '2B', '2B', '2R', 6, 1);
insert into OffenseAssignments (ExploreCharacterIndex, AttributeIndex, OffenseRange) VALUES (814, 0, 1); --Attack
insert into DefenseAssignments (ExploreCharacterIndex, AttributeIndex) VALUES (814, 2); --Armor
insert into CustomCards (CardIndex, Author, SourceURL) VALUES(
2303,
'Damien Stanley, @Gubbinz',
'https://boardgamegeek.com/thread/1191087/sde-mlp-custom-heronies'
);

--Princess Cadance --Card Index 2306	--CharacterIndex 1154 --ExploreCharacterIndex 815
insert into Cards (Name, PictureFront, PictureBack, Link, CardType, ProductSet, ProductModule, PlayMode, Flavor) VALUES (
'Princess Cadance', 
'http://htkb.info/SDE/1.0/Custom/Cards/Heroes/Card_Hero_Princess_Cadance_1.0_Custom.png', 
'http://htkb.info/SDE/1.0/Custom/Cards/Heroes/Card_Hero_Princess_Cadance_1.0_Custom_back.png', 
'http://htkb.online/SDWiki/SDE/1.0/Custom/Cards/Heroes/Princess_Cadance.xhtml', 
'Hero', '1.0 Custom', '1.0 Custom Set', 'Default', 
'Princess Cadance is the current ruler of The Crystal Empire in Equestria, along with her husband, Shining Armor.  Her kind and caring nature is augmented by her magical abilities to mend broken hearts and use her own loving care to aid those around her.');
insert into Characters (CardIndex) VALUES (2306);
insert into KeywordAssignments (ExploreCharacterIndex, KeywordIndex) VALUES (815, 79); --Magic 6
insert into KeywordAssignments (ExploreCharacterIndex, KeywordIndex) VALUES (815, 36); --Fly
insert into KeywordAssignments (ExploreCharacterIndex, KeywordIndex) VALUES (815, 29); --Dodge
insert into AbilityAssignments (ExploreCharacterIndex, AbilityIndex) VALUES (815, 2148); --Aura of Love
insert into AbilityAssignments (ExploreCharacterIndex, AbilityIndex) VALUES (815, 2149); --The Power of Love
insert into AbilityAssignments (ExploreCharacterIndex, AbilityIndex) VALUES (815, 2150); --Loving Care
insert into ExploreCharacters (CharacterIndex, StandieFront, StandieBack, Gender, ModelSize, CreatureType, Movement, Actions, Strength, Armor, Will, Dexterity, Health, Potions) VALUES (
1154, 
'http://htkb.info/Common/Standies/My_Little_Pony/Princess_Cadance.png', 
'http://htkb.info/Common/Standies/My_Little_Pony/Princess_Cadance_back.png', 
'Feminine', 'Small', 'Equestrian', 6, 3, '2B', '3B', '2R', '2R', 5, 1);
insert into OffenseAssignments (ExploreCharacterIndex, AttributeIndex, OffenseRange) VALUES (815, 0, 1); --Attack
insert into DefenseAssignments (ExploreCharacterIndex, AttributeIndex) VALUES (815, 2); --Armor
insert into CustomCards (CardIndex, Author, SourceURL) VALUES(
2304,
'@Eradose',
'https://derpibooru.org/images/401547'
);

--Rainbow Dash --Card Index 2307	--CharacterIndex 1155 --ExploreCharacterIndex 816
insert into Cards (Name, PictureFront, PictureBack, Link, CardType, ProductSet, ProductModule, PlayMode, Flavor) VALUES (
'Rainbow Dash', 
'http://htkb.info/SDE/1.0/Custom/Cards/Heroes/Card_Hero_Rainbow_Dash_1.0_Custom.png', 
'http://htkb.info/SDE/1.0/Custom/Cards/Heroes/Card_Hero_Rainbow_Dash_1.0_Custom_back.png', 
'http://htkb.online/SDWiki/SDE/1.0/Custom/Cards/Heroes/Rainbow_Dash.xhtml', 
'Hero', '1.0 Custom', '1.0 Custom Set', 'Default', 
'Rainbow Dash is responsible for maintaining the weather and clearing the skies in Ponyville.  As a huge fan of the Wonderbolts, she dreams of one day joining their group.');
insert into Characters (CardIndex) VALUES (2307);
insert into KeywordAssignments (ExploreCharacterIndex, KeywordIndex) VALUES (816, 36); --Fly
insert into AbilityAssignments (ExploreCharacterIndex, AbilityIndex) VALUES (816, 2151); --Double Dash
insert into AbilityAssignments (ExploreCharacterIndex, AbilityIndex) VALUES (816, 2152); --Sonic Rainbow
insert into AbilityAssignments (ExploreCharacterIndex, AbilityIndex) VALUES (816, 2153); --Twenty Percent Cooler
insert into ExploreCharacters (CharacterIndex, StandieFront, StandieBack, Gender, ModelSize, CreatureType, Movement, Actions, Strength, Armor, Will, Dexterity, Health, Potions) VALUES (
1155, 
'http://htkb.info/Common/Standies/My_Little_Pony/Rainbow_Dash.png', 
'http://htkb.info/Common/Standies/My_Little_Pony/Rainbow_Dash_back.png', 
'Feminine', 'Small', '', 8, 3, '2B', '2B', '1R', '1B 1R', 5, 1);
insert into OffenseAssignments (ExploreCharacterIndex, AttributeIndex, OffenseRange) VALUES (816, 0, 1); --Attack
insert into DefenseAssignments (ExploreCharacterIndex, AttributeIndex) VALUES (816, 2); --Armor
insert into CustomCards (CardIndex, Author, SourceURL) VALUES(
2305,
'Damien Stanley, @Gubbinz',
'https://boardgamegeek.com/thread/1191087/sde-mlp-custom-heronies'
);

--Rammus --Card Index 2308	--CharacterIndex 1156 --ExploreCharacterIndex 817
insert into Cards (Name, PictureFront, PictureBack, Link, CardType, ProductSet, ProductModule, PlayMode, Flavor) VALUES (
'Rammus', 
'http://htkb.info/SDE/1.0/Custom/Cards/Heroes/Card_Hero_Rammus_1.0_Custom.png', 
'http://htkb.info/SDE/1.0/Custom/Cards/Heroes/Card_Hero_Rammus_1.0_Custom_back.png', 
'http://htkb.online/SDWiki/SDE/1.0/Custom/Cards/Heroes/Rammus.xhtml', 
'Hero', '1.0 Custom', '1.0 Custom Set', 'Default', 
'');
insert into Characters (CardIndex) VALUES (2308);
insert into KeywordAssignments (ExploreCharacterIndex, KeywordIndex) VALUES (817, 36); --Tank
insert into KeywordAssignments (ExploreCharacterIndex, KeywordIndex) VALUES (817, 57); --Immune: Knockdown
insert into AbilityAssignments (ExploreCharacterIndex, AbilityIndex) VALUES (817, 2154); --Defensive Ball Curl
insert into AbilityAssignments (ExploreCharacterIndex, AbilityIndex) VALUES (817, 2155); --Puncturing Taunt
insert into ExploreCharacters (CharacterIndex, StandieFront, StandieBack, Gender, ModelSize, CreatureType, Movement, Actions, Strength, Armor, Will, Dexterity, Health, Potions) VALUES (
1156, 
'http://htkb.info/Common/Standies/LOL/Rammus.png', 
'http://htkb.info/Common/Standies/LOL/Rammus_back.png', 
'Either', 'Large', 'Armordillo', 6, 3, '1R', '3B', '1B 1R', '1B', 5, 1);
insert into OffenseAssignments (ExploreCharacterIndex, AttributeIndex, OffenseRange) VALUES (817, 0, 1); --Attack
insert into DefenseAssignments (ExploreCharacterIndex, AttributeIndex) VALUES (817, 2); --Armor
insert into CustomCards (CardIndex, Author, SourceURL) VALUES(
2307,
'@cincydooley',
'https://www.dakkadakka.com/dakkaforum/posts/list/418382.page'
);

--Rarity --Card Index 2309	--CharacterIndex 1157 --ExploreCharacterIndex 818
insert into Cards (Name, PictureFront, PictureBack, Link, CardType, ProductSet, ProductModule, PlayMode, Flavor) VALUES (
'Rarity', 
'http://htkb.info/SDE/1.0/Custom/Cards/Heroes/Card_Hero_Rarity_1.0_Custom.png', 
'http://htkb.info/SDE/1.0/Custom/Cards/Heroes/Card_Hero_Rarity_1.0_Custom_back.png', 
'http://htkb.online/SDWiki/SDE/1.0/Custom/Cards/Heroes/Rarity.xhtml', 
'Hero', '1.0 Custom', '1.0 Custom Set', 'Default', 
'Rarity is the older sister of Sweetie Belle and the love interest of Spike.  Rarity works as both a fashion designer and as a seamstress at her own shop in Ponyville, the Carousel Boutique.');
insert into Characters (CardIndex) VALUES (2309);
insert into KeywordAssignments (ExploreCharacterIndex, KeywordIndex) VALUES (818, 79); --Magic 8
insert into AbilityAssignments (ExploreCharacterIndex, AbilityIndex) VALUES (818, 2156); --Rought Cut
insert into AbilityAssignments (ExploreCharacterIndex, AbilityIndex) VALUES (818, 2157); --Crystalize
insert into AbilityAssignments (ExploreCharacterIndex, AbilityIndex) VALUES (818, 2158); --Shatter
insert into AbilityAssignments (ExploreCharacterIndex, AbilityIndex) VALUES (818, 2159); --Crystal Armour
insert into ExploreCharacters (CharacterIndex, StandieFront, StandieBack, Gender, ModelSize, CreatureType, Movement, Actions, Strength, Armor, Will, Dexterity, Health, Potions) VALUES (
1157, 
'http://htkb.info/Common/Standies/My_Little_Pony/Rarity.png', 
'http://htkb.info/Common/Standies/My_Little_Pony/Rarity_back.png', 
'Feminine', 'Small', '', 8, 3, '2B', '2B', '2R', '2B', 6, 1);
insert into OffenseAssignments (ExploreCharacterIndex, AttributeIndex, OffenseRange) VALUES (818, 0, 1); --Attack
insert into DefenseAssignments (ExploreCharacterIndex, AttributeIndex) VALUES (818, 2); --Armor
insert into CustomCards (CardIndex, Author, SourceURL) VALUES(
2307,
'Damien Stanley, @Gubbinz',
'https://boardgamegeek.com/thread/1191087/sde-mlp-custom-heronies'
);

--Royal Fencer (v1) --Card Index 2310	--CharacterIndex 1158 --ExploreCharacterIndex 819
insert into Cards (Name, PictureFront, PictureBack, Link, CardType, ProductSet, ProductModule, PlayMode, Flavor) VALUES (
'Royal Fencer (v1)', 
'http://htkb.info/SDE/1.0/Custom/Cards/Heroes/Card_Hero_Royal_Fencer_v1_1.0_Custom.png', 
'http://htkb.info/SDE/1.0/Custom/Cards/Heroes/Card_Hero_Royal_Fencer_v1_1.0_Custom_back.png', 
'http://htkb.online/SDWiki/SDE/1.0/Custom/Cards/Heroes/Royal_Fencer_v1.xhtml', 
'Hero', '1.0 Custom', '1.0 Custom Set', 'Default', 
'');
insert into Characters (CardIndex) VALUES (2310);
insert into KeywordAssignments (ExploreCharacterIndex, KeywordIndex) VALUES (819, 26); --Dangerous
insert into KeywordAssignments (ExploreCharacterIndex, KeywordIndex) VALUES (819, 71); --Lance 2
insert into AbilityAssignments (ExploreCharacterIndex, AbilityIndex) VALUES (819, 2160); --Disarm
insert into AbilityAssignments (ExploreCharacterIndex, AbilityIndex) VALUES (819, 2161); --Lunge
insert into AbilityAssignments (ExploreCharacterIndex, AbilityIndex) VALUES (819, 2162); --Hero's Sacrifice
insert into ExploreCharacters (CharacterIndex, StandieFront, StandieBack, Gender, ModelSize, CreatureType, Movement, Actions, Strength, Armor, Will, Dexterity, Health, Potions) VALUES (
1158, 
'http://htkb.info/Common/Standies/Fate/Saber_Chibi.png', 
'http://htkb.info/Common/Standies/Fate/Saber_Chibi_back.png', 
'Feminine', 'Small', 'Human', 6, 3, '3B', '1B 1R', '1B 1R', '2B', 5, 1);
insert into OffenseAssignments (ExploreCharacterIndex, AttributeIndex, OffenseRange) VALUES (819, 0, 1); --Attack
insert into DefenseAssignments (ExploreCharacterIndex, AttributeIndex) VALUES (819, 2); --Armor
insert into CustomCards (CardIndex, Author, SourceURL) VALUES(
2308,
'TBD',
'https://www.pinterest.com/pin/423971752430359236/'
);

--Royal Fencer (v2) --Card Index 2311	--CharacterIndex 1159 --ExploreCharacterIndex 820
insert into Cards (Name, PictureFront, PictureBack, Link, CardType, ProductSet, ProductModule, PlayMode, Flavor) VALUES (
'Royal Fencer (v2)', 
'http://htkb.info/SDE/1.0/Custom/Cards/Heroes/Card_Hero_Royal_Fencer_v2_1.0_Custom.png', 
'http://htkb.info/SDE/1.0/Custom/Cards/Heroes/Card_Hero_Royal_Fencer_v2_1.0_Custom_back.png', 
'http://htkb.online/SDWiki/SDE/1.0/Custom/Cards/Heroes/Royal_Fencer_v2.xhtml', 
'Hero', '1.0 Custom', '1.0 Custom Set', 'Default', 
'');
insert into Characters (CardIndex) VALUES (2311);
insert into KeywordAssignments (ExploreCharacterIndex, KeywordIndex) VALUES (820, 26); --Dangerous
insert into KeywordAssignments (ExploreCharacterIndex, KeywordIndex) VALUES (820, 71); --Lance 2
insert into AbilityAssignments (ExploreCharacterIndex, AbilityIndex) VALUES (820, 2160); --Disarm
insert into AbilityAssignments (ExploreCharacterIndex, AbilityIndex) VALUES (820, 2161); --Lunge
insert into AbilityAssignments (ExploreCharacterIndex, AbilityIndex) VALUES (820, 2162); --Hero's Sacrifice
insert into ExploreCharacters (CharacterIndex, StandieFront, StandieBack, Gender, ModelSize, CreatureType, Movement, Actions, Strength, Armor, Will, Dexterity, Health, Potions) VALUES (
1159, 
'http://htkb.info/Common/Standies/Fate/Saber_Chibi.png', 
'http://htkb.info/Common/Standies/Fate/Saber_Chibi_back.png', 
'Feminine', 'Small', 'Human', 6, 3, '3B', '1B 1R', '1B 1R', '2B', 5, 1);
insert into OffenseAssignments (ExploreCharacterIndex, AttributeIndex, OffenseRange) VALUES (820, 0, 1); --Attack
insert into DefenseAssignments (ExploreCharacterIndex, AttributeIndex) VALUES (820, 2); --Armor
insert into CustomCards (CardIndex, Author, SourceURL) VALUES(
2309,
'TBD',
'https://www.pinterest.com/pin/423971752430359238/'
);

--Royal Paladin --Card Index 2312	--CharacterIndex 1160 --ExploreCharacterIndex 821
insert into Cards (Name, PictureFront, PictureBack, Link, CardType, ProductSet, ProductModule, PlayMode, Flavor) VALUES (
'Royal Paladin', 
'http://htkb.info/SDE/1.0/Custom/Cards/Heroes/Card_Hero_Royal_Paladin_1.0_Custom.png', 
'http://htkb.info/SDE/1.0/Custom/Cards/Heroes/Card_Hero_Royal_Paladin_1.0_Custom_back.png', 
'http://htkb.online/SDWiki/SDE/1.0/Custom/Cards/Heroes/Royal_Paladin.xhtml', 
'Hero', '1.0 Custom', '1.0 Custom Set', 'Default',   
'From the high citadels, the worshippers of light are champions against the spreading darkness.  Powerful warriors and healers, the Paladins have been at the front of the great confrontation with the Consul.');
insert into Characters (CardIndex) VALUES (2312);
insert into KeywordAssignments (ExploreCharacterIndex, KeywordIndex) VALUES (821, 41); --Healer
insert into KeywordAssignments (ExploreCharacterIndex, KeywordIndex) VALUES (821, 43); --Holy
insert into AbilityAssignments (ExploreCharacterIndex, AbilityIndex) VALUES (821, 70); --Iron Halo
insert into AbilityAssignments (ExploreCharacterIndex, AbilityIndex) VALUES (821, 117); --Smite
insert into AbilityAssignments (ExploreCharacterIndex, AbilityIndex) VALUES (821, 41); --Elixir
insert into ExploreCharacters (CharacterIndex, StandieFront, StandieBack, Gender, ModelSize, CreatureType, Movement, Actions, Strength, Armor, Will, Dexterity, Health, Potions) VALUES (
1160,
'http://htkb.info/Common/Standies/Fate/Saber.png', 
'http://htkb.info/Common/Standies/Fate/Saber_back.png', 
'Feminine', 'Small', 'Human', 6, 3, '3B', '1B1R', '1B1R', '2B', 5, 1);
insert into OffenseAssignments (ExploreCharacterIndex, AttributeIndex, OffenseRange) VALUES (821, 0, 1); --Attack
insert into DefenseAssignments (ExploreCharacterIndex, AttributeIndex) VALUES (821, 2); --Armor
insert into CustomCards (CardIndex, Author, SourceURL) VALUES(
2310,
'@EY',
'https://kawaiisaa.blogspot.com/2015/09/super-dungeon-explore.html'
);

--Sirdan --Card Index 2313	--CharacterIndex 1161 --ExploreCharacterIndex 822
insert into Cards (Name, PictureFront, PictureBack, Link, CardType, ProductSet, ProductModule, PlayMode, Flavor) VALUES (
'Sirdan', 
'http://htkb.info/SDE/1.0/Custom/Cards/Heroes/Card_Hero_Sirdan_1.0_Custom.png', 
'http://htkb.info/SDE/1.0/Custom/Cards/Heroes/Card_Hero_Sirdan_1.0_Custom_back.png', 
'http://htkb.online/SDWiki/SDE/1.0/Custom/Cards/Heroes/Sirdan.xhtml', 
'Hero', '1.0 Custom', '1.0 Custom Set', 'Default', 
'');
insert into Characters (CardIndex) VALUES (2313);
insert into KeywordAssignments (ExploreCharacterIndex, KeywordIndex) VALUES (822, 36); --Fly
insert into KeywordAssignments (ExploreCharacterIndex, KeywordIndex) VALUES (822, 142); --Tough
insert into KeywordAssignments (ExploreCharacterIndex, KeywordIndex) VALUES (822, 54); --Immune: Fire
insert into AbilityAssignments (ExploreCharacterIndex, AbilityIndex) VALUES (822, 2163); --Hardened Scales
insert into AbilityAssignments (ExploreCharacterIndex, AbilityIndex) VALUES (822, 2164); --Flame Breath
insert into ExploreCharacters (CharacterIndex, StandieFront, StandieBack, Gender, ModelSize, CreatureType, Movement, Actions, Strength, Armor, Will, Dexterity, Health, Potions) VALUES (
1161, 
'http://htkb.info/Common/Standies/Sirdan.png', 
'http://htkb.info/Common/Standies/Sirdan_back.png', 
'Masculine', 'Small', 'Half-Dragon', 6, 3, '2B', '3R', '2B', '1B 1R', 6, 1);
insert into OffenseAssignments (ExploreCharacterIndex, AttributeIndex, OffenseRange) VALUES (822, 0, 1); --Attack
insert into DefenseAssignments (ExploreCharacterIndex, AttributeIndex) VALUES (822, 2); --Armor
insert into CustomCards (CardIndex, Author, SourceURL) VALUES(
2311,
'Sirdan87',
'https://www.weasyl.com/~sirdan87/submissions/312279/sirdan-super-dungeon-explore-character-card'
);

--Sonya Giantslayer --Card Index 2314	--CharacterIndex 1162 --ExploreCharacterIndex 823
insert into Cards (Name, PictureFront, PictureBack, Link, CardType, ProductSet, ProductModule, PlayMode, Flavor) VALUES (
'Sonya Giantslayer', 
'http://htkb.info/SDE/1.0/Custom/Cards/Heroes/Card_Hero_Sonya_Giantslayer_1.0_Custom.png', 
'http://htkb.info/SDE/1.0/Custom/Cards/Heroes/Card_Hero_Sonya_Giantslayer_1.0_Custom_back.png', 
'http://htkb.online/SDWiki/SDE/1.0/Custom/Cards/Heroes/Sonya_Giantslayer.xhtml', 
'Hero', '1.0 Custom', '1.0 Custom Set', 'Default', 
'Sonya earned her reputation as a great sword-master by slaying Brisgol, the Giant King.');
insert into Characters (CardIndex) VALUES (2314);
insert into KeywordAssignments (ExploreCharacterIndex, KeywordIndex) VALUES (823, 29); --Dodge
insert into KeywordAssignments (ExploreCharacterIndex, KeywordIndex) VALUES (823, 142); --Tough
insert into AbilityAssignments (ExploreCharacterIndex, AbilityIndex) VALUES (823, 2165); --Lunging Slash
insert into AbilityAssignments (ExploreCharacterIndex, AbilityIndex) VALUES (823, 2166); --Vorpal Strike
insert into AbilityAssignments (ExploreCharacterIndex, AbilityIndex) VALUES (823, 2167); --Invulnerable
insert into ExploreCharacters (CharacterIndex, StandieFront, StandieBack, Gender, ModelSize, CreatureType, Movement, Actions, Strength, Armor, Will, Dexterity, Health, Potions) VALUES (
1162, 
'http://htkb.info/Common/Standies/Arcadia_Quest/Sonya_Giantslayer.png', 
'http://htkb.info/Common/Standies/Arcadia_Quest/Sonya_Giantslayer_back.png', 
'Feminine', 'Small', 'Human', 6, 3, '2R', '2B', '2B', '3B', 5, 1);
insert into OffenseAssignments (ExploreCharacterIndex, AttributeIndex, OffenseRange) VALUES (823, 0, 1); --Attack
insert into DefenseAssignments (ExploreCharacterIndex, AttributeIndex) VALUES (823, 2); --Armor
insert into CustomCards (CardIndex, Author, SourceURL) VALUES(
2312,
'Ulf Beorstruk, @Ulf Beorstruk',
'https://boardgamegeek.com/image/1963547/ulf-beorstruk'
);

--Stormgale Amazon --Card Index 2315	--CharacterIndex 1163 --ExploreCharacterIndex 824
insert into Cards (Name, PictureFront, PictureBack, Link, CardType, ProductSet, ProductModule, PlayMode, Flavor) VALUES (
'Stormgale Amazon', 
'http://htkb.info/SDE/1.0/Custom/Cards/Heroes/Card_Hero_Stormgale_Amazon_1.0_Custom.png', 
'http://htkb.info/SDE/1.0/Custom/Cards/Heroes/Card_Hero_Stormgale_Amazon_1.0_Custom_back.png', 
'http://htkb.online/SDWiki/SDE/1.0/Custom/Cards/Heroes/Stormgale_Amazon.xhtml', 
'Hero', '1.0 Custom', '1.0 Custom Set', 'Default', 
'');
insert into Characters (CardIndex) VALUES (2315);
insert into KeywordAssignments (ExploreCharacterIndex, KeywordIndex) VALUES (824, 135); --Surefoot
insert into KeywordAssignments (ExploreCharacterIndex, KeywordIndex) VALUES (824, 142); --Tough
insert into AbilityAssignments (ExploreCharacterIndex, AbilityIndex) VALUES (824, 2168); --Fend
insert into AbilityAssignments (ExploreCharacterIndex, AbilityIndex) VALUES (824, 2169); --Lightning Fury
insert into AbilityAssignments (ExploreCharacterIndex, AbilityIndex) VALUES (824, 2170); --Dinosaur Eggs
insert into ExploreCharacters (CharacterIndex, StandieFront, StandieBack, Gender, ModelSize, CreatureType, Movement, Actions, Strength, Armor, Will, Dexterity, Health, Potions) VALUES (
1163, 
'http://htkb.info/Common/Standies/Stormgale_Amazon.png', 
'http://htkb.info/Common/Standies/Stormgale_Amazon_back.png', 
'Feminine', 'Small', 'Human', 6, 3, '2R', '2B', '2B', '3B', 5, 1);
insert into OffenseAssignments (ExploreCharacterIndex, AttributeIndex, OffenseRange) VALUES (824, 0, 1); --Attack
insert into DefenseAssignments (ExploreCharacterIndex, AttributeIndex) VALUES (824, 2); --Armor
insert into CustomCards (CardIndex, Author, SourceURL) VALUES(
2313,
'N India, @superstring',
'https://boardgamegeek.com/thread/763866/homemade-heropalooza-amazon-dancer-monk-samurai'
);

--Twilight Sparkle --Card Index 2316	--CharacterIndex 1164 --ExploreCharacterIndex 825
insert into Cards (Name, PictureFront, PictureBack, Link, CardType, ProductSet, ProductModule, PlayMode, Flavor) VALUES (
'Twilight Sparkle', 
'http://htkb.info/SDE/1.0/Custom/Cards/Heroes/Card_Hero_Twilight_Sparkle_1.0_Custom.png', 
'http://htkb.info/SDE/1.0/Custom/Cards/Heroes/Card_Hero_Twilight_Sparkle_1.0_Custom_back.png', 
'http://htkb.online/SDWiki/SDE/1.0/Custom/Cards/Heroes/Twilight_Sparkle.xhtml', 
'Hero', '1.0 Custom', '1.0 Custom Set', 'Default', 
'Twilight Sparkle is a celestial pony and lives in Golden Oak Library with Spike, her friend and assistant.  She moved from Canterlot to Ponyville to study the magic of friendship and represents the element of magic.');
insert into Characters (CardIndex) VALUES (2316);
insert into KeywordAssignments (ExploreCharacterIndex, KeywordIndex) VALUES (825, 79); --Magic 8
insert into AbilityAssignments (ExploreCharacterIndex, AbilityIndex) VALUES (825, 2171); --Telekinesis
insert into AbilityAssignments (ExploreCharacterIndex, AbilityIndex) VALUES (825, 2172); --Friend Zone
insert into AbilityAssignments (ExploreCharacterIndex, AbilityIndex) VALUES (825, 2173); --Twilight Sparkleburst
insert into AbilityAssignments (ExploreCharacterIndex, AbilityIndex) VALUES (825, 2174); --Studious
insert into ExploreCharacters (CharacterIndex, StandieFront, StandieBack, Gender, ModelSize, CreatureType, Movement, Actions, Strength, Armor, Will, Dexterity, Health, Potions) VALUES (
1164, 
'http://htkb.info/Common/Standies/My_Little_Pony/Twighlight_Sparkle.png', 
'http://htkb.info/Common/Standies/My_Little_Pony/Twighlight_Sparkle_back.png', 
'Feminine', 'Small', '', 8, 3, '2B', '2B', '2R', '2B', 6, 1);
insert into OffenseAssignments (ExploreCharacterIndex, AttributeIndex, OffenseRange) VALUES (825, 0, 1); --Attack
insert into DefenseAssignments (ExploreCharacterIndex, AttributeIndex) VALUES (825, 2); --Armor
insert into CustomCards (CardIndex, Author, SourceURL) VALUES(
2314,
'Damien Stanley, @Gubbinz',
'https://boardgamegeek.com/thread/1191087/sde-mlp-custom-heronies'
);

--The Wolf --Card Index 2317	--CharacterIndex 1165 --ExploreCharacterIndex 826
insert into Cards (Name, PictureFront, PictureBack, Link, CardType, ProductSet, ProductModule, PlayMode, Flavor) VALUES (
'Wolf, The', 
'http://htkb.info/SDE/1.0/Custom/Cards/Heroes/Card_Hero_Wolf_The_1.0_Custom.png', 
'http://htkb.info/SDE/1.0/Custom/Cards/Heroes/Card_Hero_Wolf_The_1.0_Custom_back.png', 
'http://htkb.online/SDWiki/SDE/1.0/Custom/Cards/Heroes/Wolf_The.xhtml', 
'Hero', '1.0 Custom', '1.0 Custom Set', 'Default', 
'Twilight Sparkle is a celestial pony and lives in Golden Oak Library with Spike, her friend and assistant.  She moved from Canterlot to Ponyville to study the magic of friendship and represents the element of magic.');
insert into Characters (CardIndex) VALUES (2317);
insert into AbilityAssignments (ExploreCharacterIndex, AbilityIndex) VALUES (826, 2175); --The Wolf
insert into ExploreCharacters (CharacterIndex, StandieFront, StandieBack, Gender, ModelSize, CreatureType, Movement, Actions, Strength, Armor, Will, Dexterity, Health, Potions) VALUES (
1165, 
'http://htkb.info/Common/Standies/Wolf_The.png', 
'http://htkb.info/Common/Standies/Wolf_The_back.png', 
'Either', 'Small', '', 7, 3, '1B 1R', '1B 1R', '2B', '2B', 0, 0);
insert into OffenseAssignments (ExploreCharacterIndex, AttributeIndex, OffenseRange) VALUES (826, 0, 1); --Attack
insert into DefenseAssignments (ExploreCharacterIndex, AttributeIndex) VALUES (826, 2); --Armor
insert into CustomCards (CardIndex, Author, SourceURL) VALUES(
2315,
'Adam Porter, @Adam78',
'https://boardgamegeek.com/image/1238025/adam78'
);




