--2.0 Bosses
--Bomechan	--CardIndex cXXX	--CharacterIndex chXXX	--ArcadeCharacterIndex arXXX
insert into Cards (Name, PictureFront, PictureBack, Link, CardType, ProductSet, ProductModule, PlayMode, Flavor) VALUES ('Bomechan',
'http://htkb.info/SDE/2.0/Cards/Arcade/Bosses/Card_Arcade_Boss_Bomechan_2.0.png', 
'http://htkb.info/SDE/2.0/Cards/Arcade/Bosses/Card_Arcade_Boss_Bomechan_2.0_back.png', 
'http://htkb.online/SDWiki/SDE/2.0/Cards/Arcade/Bosses/Bomechan.xhtml', 
'Boss', '2.0', '2.0 Core Set', 'Default', 
'Bomechan is a striking beauty of clan Ijin, but the pair of iron-spiked tetsubo and her hearty laughter as she swings them are her most arresting features.  She loves a challenge and seeks to place herself on the Moon Throne, because she sees this as the greatest challenge of all.');
insert into Characters (CardIndex) VALUES (cXXX);
insert into ArcadeCharacters (CharacterIndex, SoloStatLineIndex, GangStatLineIndex) 
VALUES (chXXX, 473, -1);
insert into AffinityAssignments (CharacterIndex, AffinityIndex) VALUES (chXXX, 0); --Amethyst
--GangMemberIndex gXXX
insert into GangMembers (ArcadeCharacterIndex, MemberOrder, Name, CreatureType, RankType, MemberMovement, MemberHealth, MemberArmor, ExploreCharacterIndex)
VALUES (arXXX, 0, 'Bomechan', 'Ijin Riftling', 'Boss', 7, 9, 4, eXXX);
insert into KeywordAssignments (GangMemberIndex, KeywordIndex) VALUES (gXXX, 563); --Oni Guards
insert into KeywordAssignments (GangMemberIndex, KeywordIndex) VALUES (gXXX, 524); --Predator
insert into KeywordAssignments (GangMemberIndex, KeywordIndex) VALUES (gXXX, 557); --Rampage
insert into KeywordAssignments (GangMemberIndex, KeywordIndex) VALUES (gXXX, 557); --Stealth
insert into KeywordAssignments (GangMemberIndex, KeywordIndex) VALUES (gXXX, 518); --Surefoot
insert into AbilityAssignments (GangMemberIndex, AbilityIndex) VALUES (gXXX, 212); --A Tetsubo For Every Face
insert into AbilityAssignments (GangMemberIndex, AbilityIndex) VALUES (gXXX, 253); --Show of Strength
insert into AbilityAssignments (GangMemberIndex, AbilityIndex) VALUES (gXXX, 495); --Smokebomb


--Daemonus	--CardIndex cXXX	--CharacterIndex chXXX	--ArcadeCharacterIndex arXXX
insert into Cards (Name, PictureFront, PictureBack, Link, CardType, ProductSet, ProductModule, PlayMode, Flavor) VALUES ('Daemonus',
'http://htkb.info/SDE/2.0/Cards/Arcade/Bosses/Card_Arcade_Boss_Daemonus_2.0.png', 
'http://htkb.info/SDE/2.0/Cards/Arcade/Bosses/Card_Arcade_Boss_Daemonus_2.0_back.png', 
'http://htkb.online/SDWiki/SDE/2.0/Cards/Arcade/Bosses/Daemonus.xhtml', 
'Boss', '2.0', '2.0 Core Set', 'Default', 
'Built by a doomed gnomish artificer to house a fragment of the Dark Consul''s evil soul, Daemonus serves the Midnight Queen as guardian and champion. The true purpose of this vile clockwork contraption is far more sinister. Through Daemonus, the Dark Consul is able to observe and whisper corruption to the Queen. In this way, he shields her heart from the Light, continuing to use her along the path to darkness.');
insert into Characters (CardIndex) VALUES (cXXX);
insert into ArcadeCharacters (CharacterIndex, SoloStatLineIndex, GangStatLineIndex) 
VALUES (chXXX, 473, -1);
insert into AffinityAssignments (CharacterIndex, AffinityIndex) VALUES (chXXX, 4); --Sapphire
--GangMemberIndex gXXX
insert into GangMembers (ArcadeCharacterIndex, MemberOrder, Name, CreatureType, RankType, MemberMovement, MemberHealth, MemberArmor, ExploreCharacterIndex)
VALUES (arXXX, 0, 'Daemonus', 'Construct', 'Boss', 6, 1, 2, eXXX);
insert into KeywordAssignments (GangMemberIndex, KeywordIndex) VALUES (gXXX, 563); --Bully
insert into KeywordAssignments (GangMemberIndex, KeywordIndex) VALUES (gXXX, 524); --Dark Defender


--Demon Queen Araphel	--CardIndex cXXX	--CharacterIndex chXXX	--ArcadeCharacterIndex arXXX
insert into Cards (Name, PictureFront, PictureBack, Link, CardType, ProductSet, ProductModule, PlayMode, Flavor) VALUES ('Demon Queen Araphel',
'http://htkb.info/SDE/2.0/Cards/Arcade/Bosses/Card_Arcade_Boss_Demon_Queen_Araphel_2.0.png', 
'http://htkb.info/SDE/2.0/Cards/Arcade/Bosses/Card_Arcade_Boss_Demon_Queen_Araphel_2.0_back.png', 
'http://htkb.online/SDWiki/SDE/2.0/Cards/Arcade/Bosses/Demon_Queen_Araphel.xhtml', 
'Boss', '2.0', '2.0 Core Set', 'Default', 
'');
insert into Characters (CardIndex) VALUES (cXXX);
insert into ArcadeCharacters (CharacterIndex, SoloStatLineIndex, GangStatLineIndex) 
VALUES (chXXX, 473, -1);
insert into AffinityAssignments (CharacterIndex, AffinityIndex) VALUES (chXXX, 0); --Amethyst
--GangMemberIndex gXXX
insert into GangMembers (ArcadeCharacterIndex, MemberOrder, Name, CreatureType, RankType, MemberMovement, MemberHealth, MemberArmor, ExploreCharacterIndex)
VALUES (arXXX, 0, 'Demon Queen Araphel', 'Demon', 'Boss', 6, 9, 4, eXXX);
insert into KeywordAssignments (GangMemberIndex, KeywordIndex) VALUES (gXXX, 563); --Do It For Me?
insert into KeywordAssignments (GangMemberIndex, KeywordIndex) VALUES (gXXX, 524); --My Pretties
insert into KeywordAssignments (GangMemberIndex, KeywordIndex) VALUES (gXXX, 557); --Sense Weakness
insert into KeywordAssignments (GangMemberIndex, KeywordIndex) VALUES (gXXX, 557); --Spread The Love
insert into AbilityAssignments (GangMemberIndex, AbilityIndex) VALUES (gXXX, 212); --Blind Obedience
insert into AbilityAssignments (GangMemberIndex, AbilityIndex) VALUES (gXXX, 253); --Lovestruck
insert into AbilityAssignments (GangMemberIndex, AbilityIndex) VALUES (gXXX, 495); --Go For The Eyes!


--The Destroyer	--CardIndex cXXX	--CharacterIndex chXXX	--ArcadeCharacterIndex arXXX
insert into Cards (Name, PictureFront, PictureBack, Link, CardType, ProductSet, ProductModule, PlayMode, Flavor) VALUES ('The Destroyer',
'http://htkb.info/SDE/2.0/Cards/Arcade/Bosses/Card_Arcade_Boss_The_Destroyer_2.0.png', 
'http://htkb.info/SDE/2.0/Cards/Arcade/Bosses/Card_Arcade_Boss_The_Destroyer_2.0_back.png', 
'http://htkb.online/SDWiki/SDE/2.0/Cards/Arcade/Bosses/The_Destroyer.xhtml', 
'Boss', '2.0', '2.0 Core Set', 'Default', 
'');
insert into Characters (CardIndex) VALUES (cXXX);
insert into ArcadeCharacters (CharacterIndex, SoloStatLineIndex, GangStatLineIndex) 
VALUES (chXXX, 473, -1);
insert into AffinityAssignments (CharacterIndex, AffinityIndex) VALUES (chXXX, 1); --Citrine
--GangMemberIndex gXXX
insert into GangMembers (ArcadeCharacterIndex, MemberOrder, Name, CreatureType, RankType, MemberMovement, MemberHealth, MemberArmor, ExploreCharacterIndex)
VALUES (arXXX, 0, 'The Destroyer', 'Demon', 'Boss', 8, 8, 4, eXXX);
insert into KeywordAssignments (GangMemberIndex, KeywordIndex) VALUES (gXXX, 563); --Bane
insert into KeywordAssignments (GangMemberIndex, KeywordIndex) VALUES (gXXX, 524); --Impale
insert into KeywordAssignments (GangMemberIndex, KeywordIndex) VALUES (gXXX, 557); --Immune: Fire
insert into KeywordAssignments (GangMemberIndex, KeywordIndex) VALUES (gXXX, 557); --Massive Damage
insert into AbilityAssignments (GangMemberIndex, AbilityIndex) VALUES (gXXX, 253); --The Rift Spreads
insert into AbilityAssignments (GangMemberIndex, AbilityIndex) VALUES (gXXX, 495); --Demonic Possession

--Elrik The Lich King	--CardIndex cXXX	--CharacterIndex chXXX	--ArcadeCharacterIndex arXXX
insert into Cards (Name, PictureFront, PictureBack, Link, CardType, ProductSet, ProductModule, PlayMode, Flavor) VALUES ('Elrik The Lich King',
'http://htkb.info/SDE/2.0/Cards/Arcade/Bosses/Card_Arcade_Boss_Elrik_The_Lich_King_2.0.png', 
'http://htkb.info/SDE/2.0/Cards/Arcade/Bosses/Card_Arcade_Boss_Elrik_The_Lich_King_2.0_back.png', 
'http://htkb.online/SDWiki/SDE/2.0/Cards/Arcade/Bosses/Elrik_The_Lich_King.xhtml', 
'Boss', '2.0', '2.0 Core Set', 'Default', 
'SUFFER, MORTALS!');
insert into Characters (CardIndex) VALUES (cXXX);
insert into ArcadeCharacters (CharacterIndex, SoloStatLineIndex, GangStatLineIndex) 
VALUES (chXXX, 473, -1);
insert into AffinityAssignments (CharacterIndex, AffinityIndex) VALUES (chXXX, 0); --Amethyst
--GangMemberIndex gXXX
insert into GangMembers (ArcadeCharacterIndex, MemberOrder, Name, CreatureType, RankType, MemberMovement, MemberHealth, MemberArmor, ExploreCharacterIndex)
VALUES (arXXX, 0, 'Elrik The Lich King', 'Undead', 'Boss', 6, 10, 4, eXXX);
insert into KeywordAssignments (GangMemberIndex, KeywordIndex) VALUES (gXXX, 563); --Bane
insert into KeywordAssignments (GangMemberIndex, KeywordIndex) VALUES (gXXX, 524); --Black Parade
insert into KeywordAssignments (GangMemberIndex, KeywordIndex) VALUES (gXXX, 557); --Death Lord
insert into KeywordAssignments (GangMemberIndex, KeywordIndex) VALUES (gXXX, 557); --Hex
insert into KeywordAssignments (GangMemberIndex, KeywordIndex) VALUES (gXXX, 518); --Ice
insert into KeywordAssignments (GangMemberIndex, KeywordIndex) VALUES (gXXX, 518); --Immune: Bane
insert into KeywordAssignments (GangMemberIndex, KeywordIndex) VALUES (gXXX, 518); --Immune: Hex
insert into AbilityAssignments (GangMemberIndex, AbilityIndex) VALUES (gXXX, 212); --Ghoul Blade
insert into AbilityAssignments (GangMemberIndex, AbilityIndex) VALUES (gXXX, 253); --Frozen Heart
insert into AbilityAssignments (GangMemberIndex, AbilityIndex) VALUES (gXXX, 495); --Death Drain


--Gnomish Excavator	--CardIndex cXXX	--CharacterIndex chXXX	--ArcadeCharacterIndex arXXX
insert into Cards (Name, PictureFront, PictureBack, Link, CardType, ProductSet, ProductModule, PlayMode, Flavor) VALUES ('Gnomish Excavator',
'http://htkb.info/SDE/2.0/Cards/Arcade/Bosses/Card_Arcade_Boss_Gnomish_Excavator_2.0.png', 
'http://htkb.info/SDE/2.0/Cards/Arcade/Bosses/Card_Arcade_Boss_Gnomish_Excavator_2.0_back.png', 
'http://htkb.online/SDWiki/SDE/2.0/Cards/Arcade/Bosses/Gnomish_Excavator.xhtml', 
'Boss', '2.0', '2.0 Core Set', 'Default', 
'');
insert into Characters (CardIndex) VALUES (cXXX);
insert into ArcadeCharacters (CharacterIndex, SoloStatLineIndex, GangStatLineIndex) 
VALUES (chXXX, 473, -1);
insert into AffinityAssignments (CharacterIndex, AffinityIndex) VALUES (chXXX, 2); --Emerald
--GangMemberIndex gXXX
insert into GangMembers (ArcadeCharacterIndex, MemberOrder, Name, CreatureType, RankType, MemberMovement, MemberHealth, MemberArmor, ExploreCharacterIndex)
VALUES (arXXX, 0, 'Gnomish Excavator', 'Gnome', 'Boss', 4, 8, 4, eXXX);
insert into KeywordAssignments (GangMemberIndex, KeywordIndex) VALUES (gXXX, 563); --Burrow
insert into KeywordAssignments (GangMemberIndex, KeywordIndex) VALUES (gXXX, 524); --Excessive Armor
insert into KeywordAssignments (GangMemberIndex, KeywordIndex) VALUES (gXXX, 557); --Immune: Immobile
insert into KeywordAssignments (GangMemberIndex, KeywordIndex) VALUES (gXXX, 557); --Immune: Knockdown
insert into KeywordAssignments (GangMemberIndex, KeywordIndex) VALUES (gXXX, 518); --Knockdown
insert into AbilityAssignments (GangMemberIndex, AbilityIndex) VALUES (gXXX, 212); --Run 'em Down
insert into AbilityAssignments (GangMemberIndex, AbilityIndex) VALUES (gXXX, 253); --Fragmentation Shell


--Guth, The	--CardIndex cXXX	--CharacterIndex chXXX	--ArcadeCharacterIndex arXXX
insert into Cards (Name, PictureFront, PictureBack, Link, CardType, ProductSet, ProductModule, PlayMode, Flavor) VALUES ('Guth, The',
'http://htkb.info/SDE/2.0/Cards/Arcade/Bosses/Card_Arcade_Boss_Guth, The_2.0.png', 
'http://htkb.info/SDE/2.0/Cards/Arcade/Bosses/Card_Arcade_Boss_Guth, The_2.0_back.png', 
'http://htkb.online/SDWiki/SDE/2.0/Cards/Arcade/Bosses/Guth, The.xhtml', 
'Boss', '2.0', '2.0 Core Set', 'Default', 
'');--!! unavailable !!
insert into Characters (CardIndex) VALUES (cXXX);
insert into ArcadeCharacters (CharacterIndex, SoloStatLineIndex, GangStatLineIndex) 
VALUES (chXXX, 473, -1);
insert into AffinityAssignments (CharacterIndex, AffinityIndex) VALUES (chXXX, 0); --Amethyst--!! unavailable !!
--GangMemberIndex gXXX
insert into GangMembers (ArcadeCharacterIndex, MemberOrder, Name, CreatureType, RankType, MemberMovement, MemberHealth, MemberArmor, ExploreCharacterIndex)
VALUES (arXXX, 0, 'Guth, The', 'Orc', 'Boss', 8, 8, 4, eXXX);
insert into KeywordAssignments (GangMemberIndex, KeywordIndex) VALUES (gXXX, 563); --Pig Feed
insert into KeywordAssignments (GangMemberIndex, KeywordIndex) VALUES (gXXX, 524); --Pile-on
insert into KeywordAssignments (GangMemberIndex, KeywordIndex) VALUES (gXXX, 557); --Tough
insert into AbilityAssignments (GangMemberIndex, AbilityIndex) VALUES (gXXX, 212); --Out of My Way!
insert into AbilityAssignments (GangMemberIndex, AbilityIndex) VALUES (gXXX, 253); --Goblin Toss
insert into AbilityAssignments (GangMemberIndex, AbilityIndex) VALUES (gXXX, 495); --Warcry


--Hoarfang	--CardIndex cXXX	--CharacterIndex chXXX	--ArcadeCharacterIndex arXXX
insert into Cards (Name, PictureFront, PictureBack, Link, CardType, ProductSet, ProductModule, PlayMode, Flavor) VALUES ('Hoarfang',
'http://htkb.info/SDE/2.0/Cards/Arcade/Bosses/Card_Arcade_Boss_Hoarfang_2.0.png', 
'http://htkb.info/SDE/2.0/Cards/Arcade/Bosses/Card_Arcade_Boss_Hoarfang_2.0_back.png', 
'http://htkb.online/SDWiki/SDE/2.0/Cards/Arcade/Bosses/Hoarfang.xhtml', 
'Boss', '2.0', '2.0 Core Set', 'Default', 
'');--!! unavailable !!
insert into Characters (CardIndex) VALUES (cXXX);
insert into ArcadeCharacters (CharacterIndex, SoloStatLineIndex, GangStatLineIndex) 
VALUES (chXXX, 473, -1);
insert into AffinityAssignments (CharacterIndex, AffinityIndex) VALUES (chXXX, 0); --Amethyst
--GangMemberIndex gXXX
insert into GangMembers (ArcadeCharacterIndex, MemberOrder, Name, CreatureType, RankType, MemberMovement, MemberHealth, MemberArmor, ExploreCharacterIndex)
VALUES (arXXX, 0, 'Hoarfang', 'Dragon', 'Boss', 6, 12, 5, eXXX);
insert into KeywordAssignments (GangMemberIndex, KeywordIndex) VALUES (gXXX, 563); --Crush
insert into KeywordAssignments (GangMemberIndex, KeywordIndex) VALUES (gXXX, 524); --Fly
insert into KeywordAssignments (GangMemberIndex, KeywordIndex) VALUES (gXXX, 557); --Frosty Imps
insert into KeywordAssignments (GangMemberIndex, KeywordIndex) VALUES (gXXX, 557); --Monstrous Size
insert into KeywordAssignments (GangMemberIndex, KeywordIndex) VALUES (gXXX, 518); ----!! unavailable !!
insert into AbilityAssignments (GangMemberIndex, AbilityIndex) VALUES (gXXX, 212); --The Wind
insert into AbilityAssignments (GangMemberIndex, AbilityIndex) VALUES (gXXX, 253); --Glacial Shift
insert into AbilityAssignments (GangMemberIndex, AbilityIndex) VALUES (gXXX, 495); --Tear to Pieces
insert into AbilityAssignments (GangMemberIndex, AbilityIndex) VALUES (gXXX, 495); --Lashing Tail


--Jorogumo	--CardIndex cXXX	--CharacterIndex chXXX	--ArcadeCharacterIndex arXXX
insert into Cards (Name, PictureFront, PictureBack, Link, CardType, ProductSet, ProductModule, PlayMode, Flavor) VALUES ('Jorogumo',
'http://htkb.info/SDE/2.0/Cards/Arcade/Bosses/Card_Arcade_Boss_Jorogumo_2.0.png', 
'http://htkb.info/SDE/2.0/Cards/Arcade/Bosses/Card_Arcade_Boss_Jorogumo_2.0_back.png', 
'http://htkb.online/SDWiki/SDE/2.0/Cards/Arcade/Bosses/Jorogumo.xhtml', 
'Boss', '2.0', '2.0 Core Set', 'Default', 
'');
insert into Characters (CardIndex) VALUES (cXXX);
insert into ArcadeCharacters (CharacterIndex, SoloStatLineIndex, GangStatLineIndex) 
VALUES (chXXX, 473, -1);
insert into AffinityAssignments (CharacterIndex, AffinityIndex) VALUES (chXXX, 1); --Citrine
--GangMemberIndex gXXX
insert into GangMembers (ArcadeCharacterIndex, MemberOrder, Name, CreatureType, RankType, MemberMovement, MemberHealth, MemberArmor, ExploreCharacterIndex)
VALUES (arXXX, 0, 'Jorogumo', 'Spider', 'Boss', 6, 8, 5, eXXX);
insert into KeywordAssignments (GangMemberIndex, KeywordIndex) VALUES (gXXX, 563); --Heal X
insert into KeywordAssignments (GangMemberIndex, KeywordIndex) VALUES (gXXX, 524); --Immune: Poison
insert into KeywordAssignments (GangMemberIndex, KeywordIndex) VALUES (gXXX, 557); --Massive Damage
insert into KeywordAssignments (GangMemberIndex, KeywordIndex) VALUES (gXXX, 557); --Poison
insert into KeywordAssignments (GangMemberIndex, KeywordIndex) VALUES (gXXX, 518); --Webs
insert into AbilityAssignments (GangMemberIndex, AbilityIndex) VALUES (gXXX, 212); --Silk Noose
insert into AbilityAssignments (GangMemberIndex, AbilityIndex) VALUES (gXXX, 253); --Spin Webs
insert into AbilityAssignments (GangMemberIndex, AbilityIndex) VALUES (gXXX, 495); --Feed on Essence


--Krampus	--CardIndex cXXX	--CharacterIndex chXXX	--ArcadeCharacterIndex arXXX
insert into Cards (Name, PictureFront, PictureBack, Link, CardType, ProductSet, ProductModule, PlayMode, Flavor) VALUES ('Krampus',
'http://htkb.info/SDE/2.0/Cards/Arcade/Bosses/Card_Arcade_Boss_Krampus_2.0.png', 
'http://htkb.info/SDE/2.0/Cards/Arcade/Bosses/Card_Arcade_Boss_Krampus_2.0_back.png', 
'http://htkb.online/SDWiki/SDE/2.0/Cards/Arcade/Bosses/Krampus.xhtml', 
'Boss', '2.0', '2.0 Core Set', 'Default', 
'');
insert into Characters (CardIndex) VALUES (cXXX);
insert into ArcadeCharacters (CharacterIndex, SoloStatLineIndex, GangStatLineIndex) 
VALUES (chXXX, 473, -1);
insert into AffinityAssignments (CharacterIndex, AffinityIndex) VALUES (chXXX, 2); --Emerald
insert into AffinityAssignments (CharacterIndex, AffinityIndex) VALUES (chXXX, 3); --Ruby
--GangMemberIndex gXXX
insert into GangMembers (ArcadeCharacterIndex, MemberOrder, Name, CreatureType, RankType, MemberMovement, MemberHealth, MemberArmor, ExploreCharacterIndex)
VALUES (arXXX, 0, 'Krampus', 'Faerie', 'Boss', 7, 10, 4, eXXX);
insert into KeywordAssignments (GangMemberIndex, KeywordIndex) VALUES (gXXX, 557); --Hex
insert into KeywordAssignments (GangMemberIndex, KeywordIndex) VALUES (gXXX, 557); --Immobile
insert into KeywordAssignments (GangMemberIndex, KeywordIndex) VALUES (gXXX, 563); --Nom Nom Nom
insert into KeywordAssignments (GangMemberIndex, KeywordIndex) VALUES (gXXX, 518); --Shapeshift X
insert into KeywordAssignments (GangMemberIndex, KeywordIndex) VALUES (gXXX, 524); --You've Been Naughty
insert into AbilityAssignments (GangMemberIndex, AbilityIndex) VALUES (gXXX, 212); --Make Mischief
insert into AbilityAssignments (GangMemberIndex, AbilityIndex) VALUES (gXXX, 253); --Grabbing Stick
insert into AbilityAssignments (GangMemberIndex, AbilityIndex) VALUES (gXXX, 495); --Into The Bag


--Lord Vulcanis	--CardIndex cXXX	--CharacterIndex chXXX	--ArcadeCharacterIndex arXXX
insert into Cards (Name, PictureFront, PictureBack, Link, CardType, ProductSet, ProductModule, PlayMode, Flavor) VALUES ('Lord Vulcanis',
'http://htkb.info/SDE/2.0/Cards/Arcade/Bosses/Card_Arcade_Boss_Lord_Vulcanis_2.0.png', 
'http://htkb.info/SDE/2.0/Cards/Arcade/Bosses/Card_Arcade_Boss_Lord_Vulcanis_2.0_back.png', 
'http://htkb.online/SDWiki/SDE/2.0/Cards/Arcade/Bosses/Lord_Vulcanis.xhtml', 
'Boss', '2.0', '2.0 Core Set', 'Default', 
'The most infamous of all the giants, Lord Vulcanis broods deep beneath the Dragonback Peaks. At his enormous black forge he crafts dark relics for the generals of the Dark Consul''s armies. Into each relic he pours his rage, hate, and loathing for the realm of Light, tempering them for the battles to come.');
insert into Characters (CardIndex) VALUES (cXXX);
insert into ArcadeCharacters (CharacterIndex, SoloStatLineIndex, GangStatLineIndex) 
VALUES (chXXX, 473, -1);
insert into AffinityAssignments (CharacterIndex, AffinityIndex) VALUES (chXXX, 1); --Citrine
--GangMemberIndex gXXX
insert into GangMembers (ArcadeCharacterIndex, MemberOrder, Name, CreatureType, RankType, MemberMovement, MemberHealth, MemberArmor, ExploreCharacterIndex)
VALUES (arXXX, 0, 'Lord Vulcanis', 'Dark Celestian Giant', 'Boss', 6, 8, 4, eXXX);
insert into KeywordAssignments (GangMemberIndex, KeywordIndex) VALUES (gXXX, 563); --Eternal Flame
insert into KeywordAssignments (GangMemberIndex, KeywordIndex) VALUES (gXXX, 524); --Fire
insert into KeywordAssignments (GangMemberIndex, KeywordIndex) VALUES (gXXX, 557); --Forge Master
insert into AbilityAssignments (GangMemberIndex, AbilityIndex) VALUES (gXXX, 212); --Stoke the Blaze
insert into AbilityAssignments (GangMemberIndex, AbilityIndex) VALUES (gXXX, 495); --Apprentice


--Midnight Queen, The	--CardIndex cXXX	--CharacterIndex chXXX	--ArcadeCharacterIndex arXXX
insert into Cards (Name, PictureFront, PictureBack, Link, CardType, ProductSet, ProductModule, PlayMode, Flavor) VALUES ('Midnight Queen, The',
'http://htkb.info/SDE/2.0/Cards/Arcade/Bosses/Card_Arcade_Boss_Midnight_Queen_The_2.0.png', 
'http://htkb.info/SDE/2.0/Cards/Arcade/Bosses/Card_Arcade_Boss_Midnight_Queen_The_2.0_back.png', 
'http://htkb.online/SDWiki/SDE/2.0/Cards/Arcade/Bosses/Midnight_Queen_The.xhtml', 
'Boss', '2.0', '2.0 Core Set', 'Default', 
'The Midnight Queen has risen to prominence as the Dark Consul''s voice and prophet in his time of exile. Known also as the Shadow Consort, Prophecy Breaker, The Demoness, and the Hollow Queen, she is the Dark Consul''s terrible will made manifest. She will see all of Crystalia consumed by darkness.');
insert into Characters (CardIndex) VALUES (cXXX);
insert into ArcadeCharacters (CharacterIndex, SoloStatLineIndex, GangStatLineIndex) 
VALUES (chXXX, 473, -1);
insert into AffinityAssignments (CharacterIndex, AffinityIndex) VALUES (chXXX, 0); --Amethyst
--GangMemberIndex gXXX
insert into GangMembers (ArcadeCharacterIndex, MemberOrder, Name, CreatureType, RankType, MemberMovement, MemberHealth, MemberArmor, ExploreCharacterIndex)
VALUES (arXXX, 0, 'Midnight Queen, The', 'Human', 'Boss', 6, 7, 3, eXXX);
insert into KeywordAssignments (GangMemberIndex, KeywordIndex) VALUES (gXXX, 563); --Hex
insert into AbilityAssignments (GangMemberIndex, AbilityIndex) VALUES (gXXX, 212); --Maddening Maze
insert into AbilityAssignments (GangMemberIndex, AbilityIndex) VALUES (gXXX, 253); --My Champion


--Mordred the Accursed	--CardIndex cXXX	--CharacterIndex chXXX	--ArcadeCharacterIndex arXXX
insert into Cards (Name, PictureFront, PictureBack, Link, CardType, ProductSet, ProductModule, PlayMode, Flavor) VALUES ('Mordred the Accursed',
'http://htkb.info/SDE/2.0/Cards/Arcade/Bosses/Card_Arcade_Boss_Mordred_the_Accursed_2.0.png', 
'http://htkb.info/SDE/2.0/Cards/Arcade/Bosses/Card_Arcade_Boss_Mordred_the_Accursed_2.0_back.png', 
'http://htkb.online/SDWiki/SDE/2.0/Cards/Arcade/Bosses/Mordred_the_Accursed.xhtml', 
'Boss', '2.0', '2.0 Core Set', 'Default', 
'Mordred never speaks when he is in battle. He raises a single finger, pointing at his challenger, and then rides forth to meet them. Ghostflames follow behind him, laughing and yelling as their master doses in.');
insert into Characters (CardIndex) VALUES (cXXX);
insert into ArcadeCharacters (CharacterIndex, SoloStatLineIndex, GangStatLineIndex) 
VALUES (chXXX, 473, -1);
insert into AffinityAssignments (CharacterIndex, AffinityIndex) VALUES (chXXX, 1); --Citrine
--GangMemberIndex gXXX
insert into GangMembers (ArcadeCharacterIndex, MemberOrder, Name, CreatureType, RankType, MemberMovement, MemberHealth, MemberArmor, ExploreCharacterIndex)
VALUES (arXXX, 0, 'Mordred the Accursed', 'Undead', 'Boss', 6, 6, 4, eXXX);
insert into KeywordAssignments (GangMemberIndex, KeywordIndex) VALUES (gXXX, 563); --Challenge
insert into KeywordAssignments (GangMemberIndex, KeywordIndex) VALUES (gXXX, 524); --Knockdown
insert into KeywordAssignments (GangMemberIndex, KeywordIndex) VALUES (gXXX, 557); --Trophies
insert into AbilityAssignments (GangMemberIndex, AbilityIndex) VALUES (gXXX, 212); --Rear Up
insert into AbilityAssignments (GangMemberIndex, AbilityIndex) VALUES (gXXX, 253); --Stay Out Of This, Fool


--Mother Noctua	--CardIndex cXXX	--CharacterIndex chXXX	--ArcadeCharacterIndex arXXX
insert into Cards (Name, PictureFront, PictureBack, Link, CardType, ProductSet, ProductModule, PlayMode, Flavor) VALUES ('Mother Noctua',
'http://htkb.info/SDE/2.0/Cards/Arcade/Bosses/Card_Arcade_Boss_Mother_Noctua_2.0.png', 
'http://htkb.info/SDE/2.0/Cards/Arcade/Bosses/Card_Arcade_Boss_Mother_Noctua_2.0_back.png', 
'http://htkb.online/SDWiki/SDE/2.0/Cards/Arcade/Bosses/Mother_Noctua.xhtml', 
'Boss', '2.0', '2.0 Core Set', 'Default', 
'Hoot! Hoot, hoot! HOOOOOOTTT!!!');
insert into Characters (CardIndex) VALUES (cXXX);
insert into ArcadeCharacters (CharacterIndex, SoloStatLineIndex, GangStatLineIndex) 
VALUES (chXXX, 473, -1);
insert into AffinityAssignments (CharacterIndex, AffinityIndex) VALUES (chXXX, 1); --Citrine
--GangMemberIndex gXXX
insert into GangMembers (ArcadeCharacterIndex, MemberOrder, Name, CreatureType, RankType, MemberMovement, MemberHealth, MemberArmor, ExploreCharacterIndex)
VALUES (arXXX, 0, 'Mother Noctua', 'Owlbear', 'Boss', 4, 8, 4, eXXX);
insert into KeywordAssignments (GangMemberIndex, KeywordIndex) VALUES (gXXX, 563); --Forest Blessings
insert into KeywordAssignments (GangMemberIndex, KeywordIndex) VALUES (gXXX, 524); --Reclamation
insert into AbilityAssignments (GangMemberIndex, AbilityIndex) VALUES (gXXX, 212); --Deeproot Rage
insert into AbilityAssignments (GangMemberIndex, AbilityIndex) VALUES (gXXX, 253); --Ferocious Bloom
insert into AbilityAssignments (GangMemberIndex, AbilityIndex) VALUES (gXXX, 495); --Ravenform


--Nightsong the Eternal	--CardIndex cXXX	--CharacterIndex chXXX	--ArcadeCharacterIndex arXXX
insert into Cards (Name, PictureFront, PictureBack, Link, CardType, ProductSet, ProductModule, PlayMode, Flavor) VALUES ('Nightsong the Eternal',
'http://htkb.info/SDE/2.0/Cards/Arcade/Bosses/Card_Arcade_Boss_Nightsong the Eternal_2.0.png', 
'http://htkb.info/SDE/2.0/Cards/Arcade/Bosses/Card_Arcade_Boss_Nightsong the Eternal_2.0_back.png', 
'http://htkb.online/SDWiki/SDE/2.0/Cards/Arcade/Bosses/Nightsong the Eternal.xhtml', 
'Boss', '2.0', '2.0 Core Set', 'Default', 
'Once a proud Emerald Dragon, Nightsong''s woodland home was devoured by the formation of the Nether Rifts. Cast into the Dark Realm, he refused to die.');
insert into Characters (CardIndex) VALUES (cXXX);
insert into ArcadeCharacters (CharacterIndex, SoloStatLineIndex, GangStatLineIndex) 
VALUES (chXXX, 473, -1);
insert into AffinityAssignments (CharacterIndex, AffinityIndex) VALUES (chXXX, 3); --Ruby
insert into AffinityAssignments (CharacterIndex, AffinityIndex) VALUES (chXXX, 4); --Sapphire
--GangMemberIndex gXXX
insert into GangMembers (ArcadeCharacterIndex, MemberOrder, Name, CreatureType, RankType, MemberMovement, MemberHealth, MemberArmor, ExploreCharacterIndex)
VALUES (arXXX, 0, 'Nightsong the Eternal', 'Undead Dragon', 'Boss', 5, 12, 4, eXXX);
insert into KeywordAssignments (GangMemberIndex, KeywordIndex) VALUES (gXXX, 563); --Death Lord
insert into KeywordAssignments (GangMemberIndex, KeywordIndex) VALUES (gXXX, 524); --Fly
insert into KeywordAssignments (GangMemberIndex, KeywordIndex) VALUES (gXXX, 557); --Ice
insert into KeywordAssignments (GangMemberIndex, KeywordIndex) VALUES (gXXX, 557); --Immune: Status Effects
insert into AbilityAssignments (GangMemberIndex, AbilityIndex) VALUES (gXXX, 212); --Chill of the Grave
insert into AbilityAssignments (GangMemberIndex, AbilityIndex) VALUES (gXXX, 253); --Master
insert into AbilityAssignments (GangMemberIndex, AbilityIndex) VALUES (gXXX, 495); --Arise


--Onibaba	--CardIndex cXXX	--CharacterIndex chXXX	--ArcadeCharacterIndex arXXX
insert into Cards (Name, PictureFront, PictureBack, Link, CardType, ProductSet, ProductModule, PlayMode, Flavor) VALUES ('Onibaba',
'http://htkb.info/SDE/2.0/Cards/Arcade/Bosses/Card_Arcade_Boss_Onibaba_2.0.png', 
'http://htkb.info/SDE/2.0/Cards/Arcade/Bosses/Card_Arcade_Boss_Onibaba_2.0_back.png', 
'http://htkb.online/SDWiki/SDE/2.0/Cards/Arcade/Bosses/Onibaba.xhtml', 
'Boss', '2.0', '2.0 Core Set', 'Default', 
'As a mortal, Onibaba would lure stragglers from battles into her traps, finish them off, and sell their possessions. One night, however, she pulled a finely crafted mask from a dark and terrible samurai, and slipped it on over her face. In that instant, the dark power from within the mask touched the festering rot in her soul and consumed her. Soon the mortal hag was infested by an ageless, devouring horror that has stalked Kagejima''s places of slaughter ever since.');
insert into Characters (CardIndex) VALUES (cXXX);
insert into ArcadeCharacters (CharacterIndex, SoloStatLineIndex, GangStatLineIndex) 
VALUES (chXXX, 473, -1);
insert into AffinityAssignments (CharacterIndex, AffinityIndex) VALUES (chXXX, 1); --Citrine
insert into AffinityAssignments (CharacterIndex, AffinityIndex) VALUES (chXXX, 3); --Ruby
--GangMemberIndex gXXX
insert into GangMembers (ArcadeCharacterIndex, MemberOrder, Name, CreatureType, RankType, MemberMovement, MemberHealth, MemberArmor, ExploreCharacterIndex)
VALUES (arXXX, 0, 'Onibaba', 'Oni', 'Boss', 6, 9, 4, eXXX);
insert into KeywordAssignments (GangMemberIndex, KeywordIndex) VALUES (gXXX, 563); --Bane
insert into KeywordAssignments (GangMemberIndex, KeywordIndex) VALUES (gXXX, 518); --Scavenger
insert into AbilityAssignments (GangMemberIndex, AbilityIndex) VALUES (gXXX, 212); --Feed, My Children
insert into AbilityAssignments (GangMemberIndex, AbilityIndex) VALUES (gXXX, 253); --Crippling Miasma
insert into AbilityAssignments (GangMemberIndex, AbilityIndex) VALUES (gXXX, 495); --Devouring Horror


--Onryo	--CardIndex cXXX	--CharacterIndex chXXX	--ArcadeCharacterIndex arXXX
insert into Cards (Name, PictureFront, PictureBack, Link, CardType, ProductSet, ProductModule, PlayMode, Flavor) VALUES ('Onryo',
'http://htkb.info/SDE/2.0/Cards/Arcade/Bosses/Card_Arcade_Boss_Onryo_2.0.png', 
'http://htkb.info/SDE/2.0/Cards/Arcade/Bosses/Card_Arcade_Boss_Onryo_2.0_back.png', 
'http://htkb.online/SDWiki/SDE/2.0/Cards/Arcade/Bosses/Onryo.xhtml', 
'Boss', '2.0', '2.0 Core Set', 'Default', 
'"Into the darkness, under the trees. Into the water, follow me please."');
insert into Characters (CardIndex) VALUES (cXXX);
insert into ArcadeCharacters (CharacterIndex, SoloStatLineIndex, GangStatLineIndex) 
VALUES (chXXX, 473, -1);
insert into AffinityAssignments (CharacterIndex, AffinityIndex) VALUES (chXXX, 0); --Amethyst
--GangMemberIndex gXXX
insert into GangMembers (ArcadeCharacterIndex, MemberOrder, Name, CreatureType, RankType, MemberMovement, MemberHealth, MemberArmor, ExploreCharacterIndex)
VALUES (arXXX, 0, 'Onryo', 'Undead Ghost', 'Boss', 6, 8, 4, eXXX);
insert into KeywordAssignments (GangMemberIndex, KeywordIndex) VALUES (gXXX, 563); --Bane
insert into KeywordAssignments (GangMemberIndex, KeywordIndex) VALUES (gXXX, 524); --Ghost
insert into KeywordAssignments (GangMemberIndex, KeywordIndex) VALUES (gXXX, 557); --Ghostmancer
insert into KeywordAssignments (GangMemberIndex, KeywordIndex) VALUES (gXXX, 557); --Immobile
insert into KeywordAssignments (GangMemberIndex, KeywordIndex) VALUES (gXXX, 518); --Immune: Status Effects
insert into KeywordAssignments (GangMemberIndex, KeywordIndex) VALUES (gXXX, 518); --Massive Damage
insert into AbilityAssignments (GangMemberIndex, AbilityIndex) VALUES (gXXX, 212); --Unfortunate Accident
insert into AbilityAssignments (GangMemberIndex, AbilityIndex) VALUES (gXXX, 253); --Cursed Vision
insert into AbilityAssignments (GangMemberIndex, AbilityIndex) VALUES (gXXX, 495); --Final Day


--Pauper Prince	--CardIndex cXXX	--CharacterIndex chXXX	--ArcadeCharacterIndex arXXX
insert into Cards (Name, PictureFront, PictureBack, Link, CardType, ProductSet, ProductModule, PlayMode, Flavor) VALUES ('Pauper Prince',
'http://htkb.info/SDE/2.0/Cards/Arcade/Bosses/Card_Arcade_Boss_Pauper_Prince_2.0.png', 
'http://htkb.info/SDE/2.0/Cards/Arcade/Bosses/Card_Arcade_Boss_Pauper_Prince_2.0_back.png', 
'http://htkb.online/SDWiki/SDE/2.0/Cards/Arcade/Bosses/Pauper_Prince.xhtml', 
'Boss', '2.0', '2.0 Core Set', 'Default', 
'"Didn''t you know? All travelers to the Undercove must pay the the Prince''s Due."');
insert into Characters (CardIndex) VALUES (cXXX);
insert into ArcadeCharacters (CharacterIndex, SoloStatLineIndex, GangStatLineIndex) 
VALUES (chXXX, 473, -1);
insert into AffinityAssignments (CharacterIndex, AffinityIndex) VALUES (chXXX, 1); --Citrine
--GangMemberIndex gXXX
insert into GangMembers (ArcadeCharacterIndex, MemberOrder, Name, CreatureType, RankType, MemberMovement, MemberHealth, MemberArmor, ExploreCharacterIndex)
VALUES (arXXX, 0, 'Pauper Prince', 'Troll', 'Boss', 5, 9, 4, eXXX);
insert into KeywordAssignments (GangMemberIndex, KeywordIndex) VALUES (gXXX, 563); --Dibs
insert into KeywordAssignments (GangMemberIndex, KeywordIndex) VALUES (gXXX, 557); --Immobile
insert into KeywordAssignments (GangMemberIndex, KeywordIndex) VALUES (gXXX, 518); --Poison
insert into KeywordAssignments (GangMemberIndex, KeywordIndex) VALUES (gXXX, 524); --Shake Down
insert into KeywordAssignments (GangMemberIndex, KeywordIndex) VALUES (gXXX, 557); --Tough
insert into AbilityAssignments (GangMemberIndex, AbilityIndex) VALUES (gXXX, 212); --Easy Mark
insert into AbilityAssignments (GangMemberIndex, AbilityIndex) VALUES (gXXX, 495); --Pipe Puff


--Starfire	--CardIndex cXXX	--CharacterIndex chXXX	--ArcadeCharacterIndex arXXX
insert into Cards (Name, PictureFront, PictureBack, Link, CardType, ProductSet, ProductModule, PlayMode, Flavor) VALUES ('Starfire',
'http://htkb.info/SDE/2.0/Cards/Arcade/Bosses/Card_Arcade_Boss_Starfire_2.0.png', 
'http://htkb.info/SDE/2.0/Cards/Arcade/Bosses/Card_Arcade_Boss_Starfire_2.0_back.png', 
'http://htkb.online/SDWiki/SDE/2.0/Cards/Arcade/Bosses/Starfire.xhtml', 
'Boss', '2.0', '2.0 Core Set', 'Default', 
'While dragons are not uncommon in Crystalia, none inspire the terror of Starfire. From his volcanic mountain within the Dragonback Peaks he brings fire and destruction across the length and breadth of the realm. Vast herds are consumed by his appetites and entire treasuries are claimed by his greed.');
insert into Characters (CardIndex) VALUES (cXXX);
insert into ArcadeCharacters (CharacterIndex, SoloStatLineIndex, GangStatLineIndex) 
VALUES (chXXX, 473, -1);
insert into AffinityAssignments (CharacterIndex, AffinityIndex) VALUES (chXXX, 1); --Citrine
--GangMemberIndex gXXX
insert into GangMembers (ArcadeCharacterIndex, MemberOrder, Name, CreatureType, RankType, MemberMovement, MemberHealth, MemberArmor, ExploreCharacterIndex)
VALUES (arXXX, 0, 'Starfire', 'Dragon', 'Boss', 8, 10, 3, eXXX);
insert into KeywordAssignments (GangMemberIndex, KeywordIndex) VALUES (gXXX, 557); --Fire
insert into KeywordAssignments (GangMemberIndex, KeywordIndex) VALUES (gXXX, 563); --Fly
insert into KeywordAssignments (GangMemberIndex, KeywordIndex) VALUES (gXXX, 524); --Immune: Fire
insert into KeywordAssignments (GangMemberIndex, KeywordIndex) VALUES (gXXX, 557); --Knockdown
insert into AbilityAssignments (GangMemberIndex, AbilityIndex) VALUES (gXXX, 212); --Inferno
insert into AbilityAssignments (GangMemberIndex, AbilityIndex) VALUES (gXXX, 495); --Tail Sweep


--Testudo Tower	--CardIndex cXXX	--CharacterIndex chXXX	--ArcadeCharacterIndex arXXX
insert into Cards (Name, PictureFront, PictureBack, Link, CardType, ProductSet, ProductModule, PlayMode, Flavor) VALUES ('Testudo Tower',
'http://htkb.info/SDE/2.0/Cards/Arcade/Bosses/Card_Arcade_Boss_Testudo_Tower_2.0.png', 
'http://htkb.info/SDE/2.0/Cards/Arcade/Bosses/Card_Arcade_Boss_Testudo_Tower_2.0_back.png', 
'http://htkb.online/SDWiki/SDE/2.0/Cards/Arcade/Bosses/Testudo_Tower.xhtml', 
'Boss', '2.0', '2.0 Core Set', 'Default', 
'');
insert into Characters (CardIndex) VALUES (cXXX);
insert into ArcadeCharacters (CharacterIndex, SoloStatLineIndex, GangStatLineIndex) 
VALUES (chXXX, 473, -1);
insert into AffinityAssignments (CharacterIndex, AffinityIndex) VALUES (chXXX, 4); --Sapphire
--GangMemberIndex gXXX
insert into GangMembers (ArcadeCharacterIndex, MemberOrder, Name, CreatureType, RankType, MemberMovement, MemberHealth, MemberArmor, ExploreCharacterIndex)
VALUES (arXXX, 0, 'Testudo Tower', 'Rocktop', 'Boss', 4, 10, 4, eXXX);
insert into KeywordAssignments (GangMemberIndex, KeywordIndex) VALUES (gXXX, 563); --Bulldozer
insert into KeywordAssignments (GangMemberIndex, KeywordIndex) VALUES (gXXX, 557); --Immune: Status Effects
insert into KeywordAssignments (GangMemberIndex, KeywordIndex) VALUES (gXXX, 557); --Knockdown
insert into KeywordAssignments (GangMemberIndex, KeywordIndex) VALUES (gXXX, 518); --Sturdy
insert into AbilityAssignments (GangMemberIndex, AbilityIndex) VALUES (gXXX, 212); --Shell Shock
insert into AbilityAssignments (GangMemberIndex, AbilityIndex) VALUES (gXXX, 495); --Booming Bombards


--Thresher, The	--CardIndex cXXX	--CharacterIndex chXXX	--ArcadeCharacterIndex arXXX
insert into Cards (Name, PictureFront, PictureBack, Link, CardType, ProductSet, ProductModule, PlayMode, Flavor) VALUES ('Thresher, The',
'http://htkb.info/SDE/2.0/Cards/Arcade/Bosses/Card_Arcade_Boss_Thresher_The_2.0.png', 
'http://htkb.info/SDE/2.0/Cards/Arcade/Bosses/Card_Arcade_Boss_Thresher_The_2.0_back.png', 
'http://htkb.online/SDWiki/SDE/2.0/Cards/Arcade/Bosses/Thresher_The.xhtml', 
'Boss', '2.0', '2.0 Core Set', 'Default', 
''); -- !!unavailabe!!
insert into Characters (CardIndex) VALUES (cXXX);
insert into ArcadeCharacters (CharacterIndex, SoloStatLineIndex, GangStatLineIndex) 
VALUES (chXXX, 473, -1);
insert into AffinityAssignments (CharacterIndex, AffinityIndex) VALUES (chXXX, 0); --Amethyst
--GangMemberIndex gXXX
insert into GangMembers (ArcadeCharacterIndex, MemberOrder, Name, CreatureType, RankType, MemberMovement, MemberHealth, MemberArmor, ExploreCharacterIndex)
VALUES (arXXX, 0, 'Thresher, The', 'Construct', 'Boss', 5, 9, 4, eXXX);
insert into KeywordAssignments (GangMemberIndex, KeywordIndex) VALUES (gXXX, 563); --Flammable
insert into KeywordAssignments (GangMemberIndex, KeywordIndex) VALUES (gXXX, 524); --Hex
insert into KeywordAssignments (GangMemberIndex, KeywordIndex) VALUES (gXXX, 557); --Massive Damage
insert into AbilityAssignments (GangMemberIndex, AbilityIndex) VALUES (gXXX, 212); --Cloud of Straw
insert into AbilityAssignments (GangMemberIndex, AbilityIndex) VALUES (gXXX, 253); --Cull the Weak
insert into AbilityAssignments (GangMemberIndex, AbilityIndex) VALUES (gXXX, 495); --Bag of Crows


--Ymnaur Wintersson	--CardIndex cXXX	--CharacterIndex chXXX	--ArcadeCharacterIndex arXXX
insert into Cards (Name, PictureFront, PictureBack, Link, CardType, ProductSet, ProductModule, PlayMode, Flavor) VALUES ('Ymnaur Wintersson',
'http://htkb.info/SDE/2.0/Cards/Arcade/Bosses/Card_Arcade_Boss_Ymnaur Wintersson_2.0.png', 
'http://htkb.info/SDE/2.0/Cards/Arcade/Bosses/Card_Arcade_Boss_Ymnaur Wintersson_2.0_back.png', 
'http://htkb.online/SDWiki/SDE/2.0/Cards/Arcade/Bosses/Ymnaur Wintersson.xhtml', 
'Boss', '2.0', '2.0 Core Set', 'Default', 
'Unlike most Jotnar, who seek a life of peaceful introspection high upon the Skull White Fastness, Ymnaur''s refuses to accept peace. With the fury of an avalanche, every strike of his frozen axe binds the land in deep frost.');
insert into Characters (CardIndex) VALUES (cXXX);
insert into ArcadeCharacters (CharacterIndex, SoloStatLineIndex, GangStatLineIndex) 
VALUES (chXXX, 473, -1);
insert into AffinityAssignments (CharacterIndex, AffinityIndex) VALUES (chXXX, 1); --Citrine
--GangMemberIndex gXXX
insert into GangMembers (ArcadeCharacterIndex, MemberOrder, Name, CreatureType, RankType, MemberMovement, MemberHealth, MemberArmor, ExploreCharacterIndex)
VALUES (arXXX, 0, 'Ymnaur Wintersson', 'Ice Giant', 'Boss', 4, 1, 4, eXXX);
insert into KeywordAssignments (GangMemberIndex, KeywordIndex) VALUES (gXXX, 563); --Ice
insert into KeywordAssignments (GangMemberIndex, KeywordIndex) VALUES (gXXX, 524); --Immune: Ice
insert into KeywordAssignments (GangMemberIndex, KeywordIndex) VALUES (gXXX, 557); --Mark The Path
insert into KeywordAssignments (GangMemberIndex, KeywordIndex) VALUES (gXXX, 557); --Refuge
insert into AbilityAssignments (GangMemberIndex, AbilityIndex) VALUES (gXXX, 212); --Travel The Way
insert into AbilityAssignments (GangMemberIndex, AbilityIndex) VALUES (gXXX, 495); --Stinging Wind


