--SDE
--2.0.1
--Bosses

--Bomechan	--CardIndex 1334	--CharacterIndex 928	--ArcadeCharacterIndex 171
insert into Cards (Name, PictureFront, PictureBack, Link, CardType, ProductSet, ProductModule, PlayMode, Flavor) VALUES ('Bomechan',
'http://htkb.info/SDE/2.0/Cards/Arcade/Bosses/Card_Arcade_Boss_Bomechan_2.0.png', 
'http://htkb.info/SDE/2.0/Cards/Arcade/Bosses/Card_Arcade_Boss_Bomechan_2.0_back.png', 
'http://htkb.online/SDWiki/SDE/2.0/Cards/Arcade/Bosses/Bomechan.xhtml', 
'Boss', '2.0 DI', '2.0 Devil''s Island', 'Arcade', 
'Bomechan is a striking beauty of clan Ijin, but the pair of iron-spiked tetsubo and her hearty laughter as she swings them are her most arresting features.  She loves a challenge and seeks to place herself on the Moon Throne, because she sees this as the greatest challenge of all.');
insert into Characters (CardIndex) VALUES (1334);
insert into ArcadeCharacters (CharacterIndex, SoloStatLineIndex, GangStatLineIndex) 
VALUES (928, 473, -1);
insert into AffinityAssignments (CharacterIndex, AffinityIndex) VALUES (928, 0); --Amethyst
--GangMemberIndex 619
insert into GangMembers (ArcadeCharacterIndex, MemberOrder, Name, CreatureType, RankType, MemberMovement, MemberHealth, MemberArmor, ExploreCharacterIndex)
VALUES (171, 0, 'Bomechan', 'Ijin Riftling', 'Boss', 7, 9, 4, 204);
insert into KeywordAssignments (GangMemberIndex, KeywordIndex) VALUES (619, 780); --Oni Guards
insert into KeywordAssignments (GangMemberIndex, KeywordIndex) VALUES (619, 816); --Predator
insert into KeywordAssignments (GangMemberIndex, KeywordIndex) VALUES (619, 833); --Rampage
insert into KeywordAssignments (GangMemberIndex, KeywordIndex) VALUES (619, 1010); --Stealth
insert into KeywordAssignments (GangMemberIndex, KeywordIndex) VALUES (619, 1023); --Surefoot
insert into AbilityAssignments (GangMemberIndex, AbilityIndex) VALUES (619, 1826); --Tetsubo For Every Face, A
insert into AbilityAssignments (GangMemberIndex, AbilityIndex) VALUES (619, 1655); --Show of Strength
insert into AbilityAssignments (GangMemberIndex, AbilityIndex) VALUES (619, 1688); --Smokebomb

--Daemonus	--CardIndex 1335	--CharacterIndex 929	--ArcadeCharacterIndex 172
insert into Cards (Name, PictureFront, PictureBack, Link, CardType, ProductSet, ProductModule, PlayMode, Flavor) VALUES ('Daemonus',
'http://htkb.info/SDE/2.0/Cards/Arcade/Bosses/Card_Arcade_Boss_Daemonus_2.0.png', 
'http://htkb.info/SDE/2.0/Cards/Arcade/Bosses/Card_Arcade_Boss_Daemonus_2.0_back.png', 
'http://htkb.online/SDWiki/SDE/2.0/Cards/Arcade/Bosses/Daemonus.xhtml', 
'Boss', '2.0', '2.0 Core Set', 'Arcade', 
'Built by a doomed gnomish artificer to house a fragment of the Dark Consul''s evil soul, Daemonus serves the Midnight Queen as guardian and champion. The true purpose of this vile clockwork contraption is far more sinister. Through Daemonus, the Dark Consul is able to observe and whisper corruption to the Queen. In this way, he shields her heart from the Light, continuing to use her along the path to darkness.');
insert into Characters (CardIndex) VALUES (1335);
insert into ArcadeCharacters (CharacterIndex, SoloStatLineIndex, GangStatLineIndex) 
VALUES (928, 473, -1);
insert into AffinityAssignments (CharacterIndex, AffinityIndex) VALUES (928, 4); --Sapphire
--GangMemberIndex 620
insert into GangMembers (ArcadeCharacterIndex, MemberOrder, Name, CreatureType, RankType, MemberMovement, MemberHealth, MemberArmor, ExploreCharacterIndex)
VALUES (172, 0, 'Daemonus', 'Construct', 'Boss', 6, 1, 2, 205);
insert into KeywordAssignments (GangMemberIndex, KeywordIndex) VALUES (620, 488); --Bully
insert into KeywordAssignments (GangMemberIndex, KeywordIndex) VALUES (620, 527); --Dark Defender

--Demon Queen Araphel	--CardIndex 1336	--CharacterIndex 930	--ArcadeCharacterIndex 173
insert into Cards (Name, PictureFront, PictureBack, Link, CardType, ProductSet, ProductModule, PlayMode, Flavor) VALUES ('Demon Queen Araphel',
'http://htkb.info/SDE/2.0/Cards/Arcade/Bosses/Card_Arcade_Boss_Demon_Queen_Araphel_2.0.png', 
'http://htkb.info/SDE/2.0/Cards/Arcade/Bosses/Card_Arcade_Boss_Demon_Queen_Araphel_2.0_back.png', 
'http://htkb.online/SDWiki/SDE/2.0/Cards/Arcade/Bosses/Demon_Queen_Araphel.xhtml', 
'Boss', '2.0', '2.0 Core Set', 'Arcade', 
'');
insert into Characters (CardIndex) VALUES (1336);
insert into ArcadeCharacters (CharacterIndex, SoloStatLineIndex, GangStatLineIndex) 
VALUES (930, 473, -1);
insert into AffinityAssignments (CharacterIndex, AffinityIndex) VALUES (930, 0); --Amethyst
--GangMemberIndex 621
insert into GangMembers (ArcadeCharacterIndex, MemberOrder, Name, CreatureType, RankType, MemberMovement, MemberHealth, MemberArmor, ExploreCharacterIndex)
VALUES (173, 0, 'Demon Queen Araphel', 'Demon', 'Boss', 6, 9, 4, 206);
insert into KeywordAssignments (GangMemberIndex, KeywordIndex) VALUES (621, 560); --Do It For Me?
insert into KeywordAssignments (GangMemberIndex, KeywordIndex) VALUES (621, 767); --My Pretties
insert into KeywordAssignments (GangMemberIndex, KeywordIndex) VALUES (621, 878); --Sense Weakness
insert into KeywordAssignments (GangMemberIndex, KeywordIndex) VALUES (621, 1003); --Spread The Love
insert into AbilityAssignments (GangMemberIndex, AbilityIndex) VALUES (621, 808); --Blind Obedience
insert into AbilityAssignments (GangMemberIndex, AbilityIndex) VALUES (621, 1388); --Lovestruck
insert into AbilityAssignments (GangMemberIndex, AbilityIndex) VALUES (621, 1221); --Go For The Eyes!

--Destroyer, The	--CardIndex 1337	--CharacterIndex 931	--ArcadeCharacterIndex 174
insert into Cards (Name, PictureFront, PictureBack, Link, CardType, ProductSet, ProductModule, PlayMode, Flavor) VALUES ('Destroyer, The',
'http://htkb.info/SDE/2.0/Cards/Arcade/Bosses/Card_Arcade_Boss_Destroyer_The_2.0.png', 
'http://htkb.info/SDE/2.0/Cards/Arcade/Bosses/Card_Arcade_Boss_Destroyer_The_2.0_back.png', 
'http://htkb.online/SDWiki/SDE/2.0/Cards/Arcade/Bosses/Destroyer_The.xhtml', 
'Boss', '2.0', '2.0 Core Set', 'Arcade', 
'');
insert into Characters (CardIndex) VALUES (1337);
insert into ArcadeCharacters (CharacterIndex, SoloStatLineIndex, GangStatLineIndex) 
VALUES (931, 473, -1);
insert into AffinityAssignments (CharacterIndex, AffinityIndex) VALUES (931, 1); --Citrine
--GangMemberIndex 622
insert into GangMembers (ArcadeCharacterIndex, MemberOrder, Name, CreatureType, RankType, MemberMovement, MemberHealth, MemberArmor, ExploreCharacterIndex)
VALUES (174, 0, 'The Destroyer', 'Demon', 'Boss', 8, 8, 4, 207);
insert into KeywordAssignments (GangMemberIndex, KeywordIndex) VALUES (622, 453); --Bane
insert into KeywordAssignments (GangMemberIndex, KeywordIndex) VALUES (622, 682); --Impale
insert into KeywordAssignments (GangMemberIndex, KeywordIndex) VALUES (622, 674); --Immune: Fire
insert into KeywordAssignments (GangMemberIndex, KeywordIndex) VALUES (622, 727); --Massive Damage
insert into AbilityAssignments (GangMemberIndex, AbilityIndex) VALUES (622, 1594); --Rift Spreads, The
insert into AbilityAssignments (GangMemberIndex, AbilityIndex) VALUES (622, 1004); --Demonic Possession

--Elrik The Lich King	--CardIndex 1338	--CharacterIndex 932	--ArcadeCharacterIndex 175
insert into Cards (Name, PictureFront, PictureBack, Link, CardType, ProductSet, ProductModule, PlayMode, Flavor) VALUES ('Elrik The Lich King',
'http://htkb.info/SDE/2.0/Cards/Arcade/Bosses/Card_Arcade_Boss_Elrik_The_Lich_King_2.0.png', 
'http://htkb.info/SDE/2.0/Cards/Arcade/Bosses/Card_Arcade_Boss_Elrik_The_Lich_King_2.0_back.png', 
'http://htkb.online/SDWiki/SDE/2.0/Cards/Arcade/Bosses/Elrik_The_Lich_King.xhtml', 
'Boss', '2.0', '2.0 Core Set', 'Arcade', 
'SUFFER, MORTALS!');
insert into Characters (CardIndex) VALUES (1338);
insert into ArcadeCharacters (CharacterIndex, SoloStatLineIndex, GangStatLineIndex) 
VALUES (932, 473, -1);
insert into AffinityAssignments (CharacterIndex, AffinityIndex) VALUES (932, 0); --Amethyst
--GangMemberIndex 623
insert into GangMembers (ArcadeCharacterIndex, MemberOrder, Name, CreatureType, RankType, MemberMovement, MemberHealth, MemberArmor, ExploreCharacterIndex)
VALUES (175, 0, 'Elrik The Lich King', 'Undead', 'Boss', 6, 10, 4, 208);
insert into KeywordAssignments (GangMemberIndex, KeywordIndex) VALUES (623, 453); --Bane
insert into KeywordAssignments (GangMemberIndex, KeywordIndex) VALUES (623, 462); --Black Parade
insert into KeywordAssignments (GangMemberIndex, KeywordIndex) VALUES (623, 538); --Death Lord
insert into KeywordAssignments (GangMemberIndex, KeywordIndex) VALUES (623, 647); --Hex
insert into KeywordAssignments (GangMemberIndex, KeywordIndex) VALUES (623, 668); --Ice
insert into KeywordAssignments (GangMemberIndex, KeywordIndex) VALUES (623, 673); --Immune: Bane
insert into KeywordAssignments (GangMemberIndex, KeywordIndex) VALUES (623, 675); --Immune: Hex
insert into AbilityAssignments (GangMemberIndex, AbilityIndex) VALUES (623, 1210); --Ghoul Blade
insert into AbilityAssignments (GangMemberIndex, AbilityIndex) VALUES (623, 1190); --Frozen Heart
insert into AbilityAssignments (GangMemberIndex, AbilityIndex) VALUES (623, 983); --Death Drain

--Gnomish Excavator	--CardIndex 1339	--CharacterIndex 933	--ArcadeCharacterIndex 176
insert into Cards (Name, PictureFront, PictureBack, Link, CardType, ProductSet, ProductModule, PlayMode, Flavor) VALUES ('Gnomish Excavator',
'http://htkb.info/SDE/2.0/Cards/Arcade/Bosses/Card_Arcade_Boss_Gnomish_Excavator_2.0.png', 
'http://htkb.info/SDE/2.0/Cards/Arcade/Bosses/Card_Arcade_Boss_Gnomish_Excavator_2.0_back.png', 
'http://htkb.online/SDWiki/SDE/2.0/Cards/Arcade/Bosses/Gnomish_Excavator.xhtml', 
'Boss', '2.0', '2.0 Core Set', 'Arcade', 
'');
insert into Characters (CardIndex) VALUES (1339);
insert into ArcadeCharacters (CharacterIndex, SoloStatLineIndex, GangStatLineIndex) 
VALUES (933, 473, -1);
insert into AffinityAssignments (CharacterIndex, AffinityIndex) VALUES (933, 2); --Emerald
--GangMemberIndex 624
insert into GangMembers (ArcadeCharacterIndex, MemberOrder, Name, CreatureType, RankType, MemberMovement, MemberHealth, MemberArmor, ExploreCharacterIndex)
VALUES (176, 0, 'Gnomish Excavator', 'Gnome', 'Boss', 4, 8, 4, 209);
insert into KeywordAssignments (GangMemberIndex, KeywordIndex) VALUES (176, 1094); --Burrow
insert into KeywordAssignments (GangMemberIndex, KeywordIndex) VALUES (176, 573); --Excessive Armor
insert into KeywordAssignments (GangMemberIndex, KeywordIndex) VALUES (176, 677); --Immune: Immobile
insert into KeywordAssignments (GangMemberIndex, KeywordIndex) VALUES (176, 678); --Immune: Knockdown
insert into KeywordAssignments (GangMemberIndex, KeywordIndex) VALUES (176, 706); --Knockdown
insert into AbilityAssignments (GangMemberIndex, AbilityIndex) VALUES (176, 1603); --Run 'em Down
insert into AbilityAssignments (GangMemberIndex, AbilityIndex) VALUES (176, 1172); --Fragmentation Shell

--Guth, The	--CardIndex 1340	--CharacterIndex 934	--ArcadeCharacterIndex 177
insert into Cards (Name, PictureFront, PictureBack, Link, CardType, ProductSet, ProductModule, PlayMode, Flavor) VALUES ('Guth, The',
'http://htkb.info/SDE/2.0/Cards/Arcade/Bosses/Card_Arcade_Boss_Guth_The_2.0.png', 
'http://htkb.info/SDE/2.0/Cards/Arcade/Bosses/Card_Arcade_Boss_Guth_The_2.0_back.png', 
'http://htkb.online/SDWiki/SDE/2.0/Cards/Arcade/Bosses/Guth_The.xhtml', 
'Boss', '2.0', '2.0 Core Set', 'Arcade', 
'"After I chop you up, you''ll make a tasty snack!"');
insert into Characters (CardIndex) VALUES (1340);
insert into ArcadeCharacters (CharacterIndex, SoloStatLineIndex, GangStatLineIndex) 
VALUES (934, 473, -1);
insert into AffinityAssignments (CharacterIndex, AffinityIndex) VALUES (934, 1); --Citrine
--GangMemberIndex 625
insert into GangMembers (ArcadeCharacterIndex, MemberOrder, Name, CreatureType, RankType, MemberMovement, MemberHealth, MemberArmor, ExploreCharacterIndex)
VALUES (177, 0, 'Guth, The', 'Orc', 'Boss', 8, 8, 4, 210);
insert into KeywordAssignments (GangMemberIndex, KeywordIndex) VALUES (625, 706); --Knockdown
insert into KeywordAssignments (GangMemberIndex, KeywordIndex) VALUES (625, 727); --Massive Damage
insert into KeywordAssignments (GangMemberIndex, KeywordIndex) VALUES (625, 1095); --Pig Feed
insert into KeywordAssignments (GangMemberIndex, KeywordIndex) VALUES (625, 800); --Pile-on
insert into KeywordAssignments (GangMemberIndex, KeywordIndex) VALUES (625, 1041); --Tough
insert into AbilityAssignments (GangMemberIndex, AbilityIndex) VALUES (625, 2057); --Out of My Way!
insert into AbilityAssignments (GangMemberIndex, AbilityIndex) VALUES (625, 2051); --Goblin Toss
insert into AbilityAssignments (GangMemberIndex, AbilityIndex) VALUES (625, 1997); --Warcry

--Hoarfang	--CardIndex 1341	--CharacterIndex 935	--ArcadeCharacterIndex 178
insert into Cards (Name, PictureFront, PictureBack, Link, CardType, ProductSet, ProductModule, PlayMode, Flavor) VALUES ('Hoarfang',
'http://htkb.info/SDE/2.0/Cards/Arcade/Bosses/Card_Arcade_Boss_Hoarfang_2.0.png', 
'http://htkb.info/SDE/2.0/Cards/Arcade/Bosses/Card_Arcade_Boss_Hoarfang_2.0_back.png', 
'http://htkb.online/SDWiki/SDE/2.0/Cards/Arcade/Bosses/Hoarfang.xhtml', 
'Boss', '2.0', '2.0 Core Set', 'Arcade', 
'');--!! unavailable !!
insert into Characters (CardIndex) VALUES (1341);
insert into ArcadeCharacters (CharacterIndex, SoloStatLineIndex, GangStatLineIndex) 
VALUES (935, 473, -1);
insert into AffinityAssignments (CharacterIndex, AffinityIndex) VALUES (935, 0); --Amethyst
--GangMemberIndex 626
insert into GangMembers (ArcadeCharacterIndex, MemberOrder, Name, CreatureType, RankType, MemberMovement, MemberHealth, MemberArmor, ExploreCharacterIndex)
VALUES (178, 0, 'Hoarfang', 'Dragon', 'Boss', 6, 12, 5, 211);
insert into KeywordAssignments (GangMemberIndex, KeywordIndex) VALUES (626, 519); --Crush
insert into KeywordAssignments (GangMemberIndex, KeywordIndex) VALUES (626, 596); --Fly
insert into KeywordAssignments (GangMemberIndex, KeywordIndex) VALUES (626, 620); --Frosty Imps
insert into KeywordAssignments (GangMemberIndex, KeywordIndex) VALUES (626, 668); --Ice
insert into KeywordAssignments (GangMemberIndex, KeywordIndex) VALUES (626, 762); --Monstrous Size
insert into KeywordAssignments (GangMemberIndex, KeywordIndex) VALUES (626, 518); ----!! unavailable !!
insert into AbilityAssignments (GangMemberIndex, AbilityIndex) VALUES (626, 2089); --Wind, The
insert into AbilityAssignments (GangMemberIndex, AbilityIndex) VALUES (626, 1215); --Glacial Shift
insert into AbilityAssignments (GangMemberIndex, AbilityIndex) VALUES (626, 1815); --Tear to Pieces
insert into AbilityAssignments (GangMemberIndex, AbilityIndex) VALUES (626, 1358); --Lashing Tail

--Jorogumo	--CardIndex 1342	--CharacterIndex 936	--ArcadeCharacterIndex 179
insert into Cards (Name, PictureFront, PictureBack, Link, CardType, ProductSet, ProductModule, PlayMode, Flavor) VALUES ('Jorogumo',
'http://htkb.info/SDE/2.0/Cards/Arcade/Bosses/Card_Arcade_Boss_Jorogumo_2.0.png', 
'http://htkb.info/SDE/2.0/Cards/Arcade/Bosses/Card_Arcade_Boss_Jorogumo_2.0_back.png', 
'http://htkb.online/SDWiki/SDE/2.0/Cards/Arcade/Bosses/Jorogumo.xhtml', 
'Boss', '2.0', '2.0 Core Set', 'Arcade', 
'');
insert into Characters (CardIndex) VALUES (1342);
insert into ArcadeCharacters (CharacterIndex, SoloStatLineIndex, GangStatLineIndex) 
VALUES (936, 473, -1);
insert into AffinityAssignments (CharacterIndex, AffinityIndex) VALUES (936, 1); --Citrine
--GangMemberIndex 627
insert into GangMembers (ArcadeCharacterIndex, MemberOrder, Name, CreatureType, RankType, MemberMovement, MemberHealth, MemberArmor, ExploreCharacterIndex)
VALUES (179, 0, 'Jorogumo', 'Spider', 'Boss', 6, 8, 5, 212);
insert into KeywordAssignments (GangMemberIndex, KeywordIndex) VALUES (627, 642); --Heal X
insert into KeywordAssignments (GangMemberIndex, KeywordIndex) VALUES (627, 524); --Immune: Poison
insert into KeywordAssignments (GangMemberIndex, KeywordIndex) VALUES (627, 726); --Massive Damage
insert into KeywordAssignments (GangMemberIndex, KeywordIndex) VALUES (627, 807); --Poison
insert into KeywordAssignments (GangMemberIndex, KeywordIndex) VALUES (627, 1068); --Webs
insert into AbilityAssignments (GangMemberIndex, AbilityIndex) VALUES (627, 2088); --Silk Noose
insert into AbilityAssignments (GangMemberIndex, AbilityIndex) VALUES (627, 1731); --Spin Webs
insert into AbilityAssignments (GangMemberIndex, AbilityIndex) VALUES (627, 1095); --Feed on Essence

--Krampus	--CardIndex 1343	--CharacterIndex 937	--ArcadeCharacterIndex 180
insert into Cards (Name, PictureFront, PictureBack, Link, CardType, ProductSet, ProductModule, PlayMode, Flavor) VALUES ('Krampus',
'http://htkb.info/SDE/2.0/Cards/Arcade/Bosses/Card_Arcade_Boss_Krampus_2.0.png', 
'http://htkb.info/SDE/2.0/Cards/Arcade/Bosses/Card_Arcade_Boss_Krampus_2.0_back.png', 
'http://htkb.online/SDWiki/SDE/2.0/Cards/Arcade/Bosses/Krampus.xhtml', 
'Boss', '2.0', '2.0 Core Set', 'Arcade', 
'');
insert into Characters (CardIndex) VALUES (1343);
insert into ArcadeCharacters (CharacterIndex, SoloStatLineIndex, GangStatLineIndex) 
VALUES (937, 473, -1);
insert into AffinityAssignments (CharacterIndex, AffinityIndex) VALUES (937, 2); --Emerald
insert into AffinityAssignments (CharacterIndex, AffinityIndex) VALUES (937, 3); --Ruby
--GangMemberIndex 628
insert into GangMembers (ArcadeCharacterIndex, MemberOrder, Name, CreatureType, RankType, MemberMovement, MemberHealth, MemberArmor, ExploreCharacterIndex)
VALUES (180, 0, 'Krampus', 'Faerie', 'Boss', 7, 10, 4, 213);
insert into KeywordAssignments (GangMemberIndex, KeywordIndex) VALUES (628, 647); --Hex
insert into KeywordAssignments (GangMemberIndex, KeywordIndex) VALUES (628, 672); --Immobile
insert into KeywordAssignments (GangMemberIndex, KeywordIndex) VALUES (628, 773); --Nom Nom Nom
insert into KeywordAssignments (GangMemberIndex, KeywordIndex) VALUES (628, 885); --Shapeshift X
insert into KeywordAssignments (GangMemberIndex, KeywordIndex) VALUES (628, 1081); --You've Been Naughty
insert into AbilityAssignments (GangMemberIndex, AbilityIndex) VALUES (628, 1402); --Make Mischief
insert into AbilityAssignments (GangMemberIndex, AbilityIndex) VALUES (628, 1232); --Grabbing Stick
insert into AbilityAssignments (GangMemberIndex, AbilityIndex) VALUES (628, 1320); --Into The Bag

--Lord Vulcanis	--CardIndex 1344	--CharacterIndex 938	--ArcadeCharacterIndex 181
insert into Cards (Name, PictureFront, PictureBack, Link, CardType, ProductSet, ProductModule, PlayMode, Flavor) VALUES ('Lord Vulcanis',
'http://htkb.info/SDE/2.0/Cards/Arcade/Bosses/Card_Arcade_Boss_Lord_Vulcanis_2.0.png', 
'http://htkb.info/SDE/2.0/Cards/Arcade/Bosses/Card_Arcade_Boss_Lord_Vulcanis_2.0_back.png', 
'http://htkb.online/SDWiki/SDE/2.0/Cards/Arcade/Bosses/Lord_Vulcanis.xhtml', 
'Boss', '2.0', '2.0 Core Set', 'Arcade', 
'The most infamous of all the giants, Lord Vulcanis broods deep beneath the Dragonback Peaks. At his enormous black forge he crafts dark relics for the generals of the Dark Consul''s armies. Into each relic he pours his rage, hate, and loathing for the realm of Light, tempering them for the battles to come.');
insert into Characters (CardIndex) VALUES (1344);
insert into ArcadeCharacters (CharacterIndex, SoloStatLineIndex, GangStatLineIndex) 
VALUES (938, 473, -1);
insert into AffinityAssignments (CharacterIndex, AffinityIndex) VALUES (938, 1); --Citrine
--GangMemberIndex 629
insert into GangMembers (ArcadeCharacterIndex, MemberOrder, Name, CreatureType, RankType, MemberMovement, MemberHealth, MemberArmor, ExploreCharacterIndex)
VALUES (181, 0, 'Lord Vulcanis', 'Dark Celestian Giant', 'Boss', 6, 8, 4, 214);
insert into KeywordAssignments (GangMemberIndex, KeywordIndex) VALUES (629, 570); --Eternal Flame
insert into KeywordAssignments (GangMemberIndex, KeywordIndex) VALUES (629, 588); --Fire
insert into KeywordAssignments (GangMemberIndex, KeywordIndex) VALUES (629, 605); --Forge Master
insert into AbilityAssignments (GangMemberIndex, AbilityIndex) VALUES (629, 1759); --Stoke the Blaze
insert into AbilityAssignments (GangMemberIndex, AbilityIndex) VALUES (629, 741); --Apprentice

--Midnight Queen, The	--CardIndex 1345	--CharacterIndex 939	--ArcadeCharacterIndex 182
insert into Cards (Name, PictureFront, PictureBack, Link, CardType, ProductSet, ProductModule, PlayMode, Flavor) VALUES ('Midnight Queen, The',
'http://htkb.info/SDE/2.0/Cards/Arcade/Bosses/Card_Arcade_Boss_Midnight_Queen_The_2.0.png', 
'http://htkb.info/SDE/2.0/Cards/Arcade/Bosses/Card_Arcade_Boss_Midnight_Queen_The_2.0_back.png', 
'http://htkb.online/SDWiki/SDE/2.0/Cards/Arcade/Bosses/Midnight_Queen_The.xhtml', 
'Boss', '2.0', '2.0 Core Set', 'Arcade', 
'The Midnight Queen has risen to prominence as the Dark Consul''s voice and prophet in his time of exile. Known also as the Shadow Consort, Prophecy Breaker, The Demoness, and the Hollow Queen, she is the Dark Consul''s terrible will made manifest. She will see all of Crystalia consumed by darkness.');
insert into Characters (CardIndex) VALUES (1345);
insert into ArcadeCharacters (CharacterIndex, SoloStatLineIndex, GangStatLineIndex) 
VALUES (939, 473, -1);
insert into AffinityAssignments (CharacterIndex, AffinityIndex) VALUES (939, 0); --Amethyst
--GangMemberIndex 630
insert into GangMembers (ArcadeCharacterIndex, MemberOrder, Name, CreatureType, RankType, MemberMovement, MemberHealth, MemberArmor, ExploreCharacterIndex)
VALUES (182, 0, 'Midnight Queen, The', 'Human', 'Boss', 6, 7, 3, 215);
insert into KeywordAssignments (GangMemberIndex, KeywordIndex) VALUES (630, 647); --Hex
insert into AbilityAssignments (GangMemberIndex, AbilityIndex) VALUES (630, 1394); --Maddening Maze
insert into AbilityAssignments (GangMemberIndex, AbilityIndex) VALUES (630, 1449); --My Champion

--Mordred the Accursed	--CardIndex 1346	--CharacterIndex 940	--ArcadeCharacterIndex 183
insert into Cards (Name, PictureFront, PictureBack, Link, CardType, ProductSet, ProductModule, PlayMode, Flavor) VALUES ('Mordred the Accursed',
'http://htkb.info/SDE/2.0/Cards/Arcade/Bosses/Card_Arcade_Boss_Mordred_the_Accursed_2.0.png', 
'http://htkb.info/SDE/2.0/Cards/Arcade/Bosses/Card_Arcade_Boss_Mordred_the_Accursed_2.0_back.png', 
'http://htkb.online/SDWiki/SDE/2.0/Cards/Arcade/Bosses/Mordred_the_Accursed.xhtml', 
'Boss', '2.0', '2.0 Core Set', 'Arcade', 
'Mordred never speaks when he is in battle. He raises a single finger, pointing at his challenger, and then rides forth to meet them. Ghostflames follow behind him, laughing and yelling as their master doses in.');
insert into Characters (CardIndex) VALUES (1346);
insert into ArcadeCharacters (CharacterIndex, SoloStatLineIndex, GangStatLineIndex) 
VALUES (940, 473, -1);
insert into AffinityAssignments (CharacterIndex, AffinityIndex) VALUES (940, 1); --Citrine
--GangMemberIndex 631
insert into GangMembers (ArcadeCharacterIndex, MemberOrder, Name, CreatureType, RankType, MemberMovement, MemberHealth, MemberArmor, ExploreCharacterIndex)
VALUES (183, 0, 'Mordred the Accursed', 'Undead', 'Boss', 6, 6, 4, 216);
insert into KeywordAssignments (GangMemberIndex, KeywordIndex) VALUES (631, 498); --Challenge
insert into KeywordAssignments (GangMemberIndex, KeywordIndex) VALUES (631, 706); --Knockdown
insert into KeywordAssignments (GangMemberIndex, KeywordIndex) VALUES (631, 1046); --Trophies
insert into AbilityAssignments (GangMemberIndex, AbilityIndex) VALUES (631, 1570); --Rear Up
insert into AbilityAssignments (GangMemberIndex, AbilityIndex) VALUES (631, 1749); --Stay Out Of This, Fool

--Mother Noctua	--CardIndex 1347	--CharacterIndex 941	--ArcadeCharacterIndex 184
insert into Cards (Name, PictureFront, PictureBack, Link, CardType, ProductSet, ProductModule, PlayMode, Flavor) VALUES ('Mother Noctua',
'http://htkb.info/SDE/2.0/Cards/Arcade/Bosses/Card_Arcade_Boss_Mother_Noctua_2.0.png', 
'http://htkb.info/SDE/2.0/Cards/Arcade/Bosses/Card_Arcade_Boss_Mother_Noctua_2.0_back.png', 
'http://htkb.online/SDWiki/SDE/2.0/Cards/Arcade/Bosses/Mother_Noctua.xhtml', 
'Boss', '2.0', '2.0 Core Set', 'Arcade', 
'Hoot! Hoot, hoot! HOOOOOOTTT!!!');
insert into Characters (CardIndex) VALUES (1347);
insert into ArcadeCharacters (CharacterIndex, SoloStatLineIndex, GangStatLineIndex) 
VALUES (941, 473, -1);
insert into AffinityAssignments (CharacterIndex, AffinityIndex) VALUES (941, 1); --Citrine
--GangMemberIndex 632
insert into GangMembers (ArcadeCharacterIndex, MemberOrder, Name, CreatureType, RankType, MemberMovement, MemberHealth, MemberArmor, ExploreCharacterIndex)
VALUES (184, 0, 'Mother Noctua', 'Owlbear', 'Boss', 4, 8, 4, 217);
insert into KeywordAssignments (GangMemberIndex, KeywordIndex) VALUES (632, 603); --Forest Blessings
insert into KeywordAssignments (GangMemberIndex, KeywordIndex) VALUES (632, 844); --Reclamation
insert into AbilityAssignments (GangMemberIndex, AbilityIndex) VALUES (632, 994); --Deeproot Rage
insert into AbilityAssignments (GangMemberIndex, AbilityIndex) VALUES (632, 1101); --Ferocious Bloom
insert into AbilityAssignments (GangMemberIndex, AbilityIndex) VALUES (632, 1568); --Ravenform

--Mugg	--CardIndex 1348	--CharacterIndex 942	--ArcadeCharacterIndex 185
insert into Cards (Name, PictureFront, PictureBack, Link, CardType, ProductSet, ProductModule, PlayMode, Flavor) VALUES ('Mugg',
'http://htkb.info/SDE/2.0/Cards/Arcade/Bosses/Card_Arcade_Boss_Mugg_2.0.png', 
'http://htkb.info/SDE/2.0/Cards/Arcade/Bosses/Card_Arcade_Boss_Mugg_2.0_back.png', 
'http://htkb.online/SDWiki/SDE/2.0/Cards/Arcade/Bosses/Mugg.xhtml', 
'Boss', '2.0', '2.0 Core Set', 'Arcade', 
''); --!! unavailable !!
insert into Characters (CardIndex) VALUES (1348);
insert into ArcadeCharacters (CharacterIndex, SoloStatLineIndex, GangStatLineIndex) 
VALUES (942, 473, -1);
insert into AffinityAssignments (CharacterIndex, AffinityIndex) VALUES (942, 3); --Ruby
--GangMemberIndex 633
insert into GangMembers (ArcadeCharacterIndex, MemberOrder, Name, CreatureType, RankType, MemberMovement, MemberHealth, MemberArmor, ExploreCharacterIndex)
VALUES (185, 0, 'Mugg', 'Ogre', 'Boss', 6, 6, 3, 218);
insert into AbilityAssignments (GangMemberIndex, AbilityIndex) VALUES (633, 778); --Batters Up!
insert into AbilityAssignments (GangMemberIndex, AbilityIndex) VALUES (633, 754); --Arrow Storm
insert into AbilityAssignments (GangMemberIndex, AbilityIndex) VALUES (633, 816); --Blood Is Up, Brother, The

--Nightsong the Eternal	--CardIndex 1349	--CharacterIndex 943	--ArcadeCharacterIndex 186
insert into Cards (Name, PictureFront, PictureBack, Link, CardType, ProductSet, ProductModule, PlayMode, Flavor) VALUES ('Nightsong the Eternal',
'http://htkb.info/SDE/2.0/Cards/Arcade/Bosses/Card_Arcade_Boss_Nightsong_the_Eternal_2.0.png', 
'http://htkb.info/SDE/2.0/Cards/Arcade/Bosses/Card_Arcade_Boss_Nightsong_the_Eternal_2.0_back.png', 
'http://htkb.online/SDWiki/SDE/2.0/Cards/Arcade/Bosses/Nightsong_the_Eternal.xhtml', 
'Boss', '2.0', '2.0 Core Set', 'Arcade', 
'Once a proud Emerald Dragon, Nightsong''s woodland home was devoured by the formation of the Nether Rifts. Cast into the Dark Realm, he refused to die.');
insert into Characters (CardIndex) VALUES (1349);
insert into ArcadeCharacters (CharacterIndex, SoloStatLineIndex, GangStatLineIndex) 
VALUES (943, 473, -1);
insert into AffinityAssignments (CharacterIndex, AffinityIndex) VALUES (943, 3); --Ruby
insert into AffinityAssignments (CharacterIndex, AffinityIndex) VALUES (943, 4); --Sapphire
--GangMemberIndex 634
insert into GangMembers (ArcadeCharacterIndex, MemberOrder, Name, CreatureType, RankType, MemberMovement, MemberHealth, MemberArmor, ExploreCharacterIndex)
VALUES (186, 0, 'Nightsong the Eternal', 'Undead Dragon', 'Boss', 5, 12, 4, 219);
insert into KeywordAssignments (GangMemberIndex, KeywordIndex) VALUES (634, 539); --Death Lord
insert into KeywordAssignments (GangMemberIndex, KeywordIndex) VALUES (634, 596); --Fly
insert into KeywordAssignments (GangMemberIndex, KeywordIndex) VALUES (634, 668); --Ice
insert into KeywordAssignments (GangMemberIndex, KeywordIndex) VALUES (634, 681); --Immune: Status Effects
insert into AbilityAssignments (GangMemberIndex, AbilityIndex) VALUES (634, 881); --Chill of the Grave
insert into AbilityAssignments (GangMemberIndex, AbilityIndex) VALUES (634, 1416); --Master
insert into AbilityAssignments (GangMemberIndex, AbilityIndex) VALUES (634, 748); --Arise

--Onibaba	--CardIndex 1350	--CharacterIndex 944	--ArcadeCharacterIndex 187
insert into Cards (Name, PictureFront, PictureBack, Link, CardType, ProductSet, ProductModule, PlayMode, Flavor) VALUES ('Onibaba',
'http://htkb.info/SDE/2.0/Cards/Arcade/Bosses/Card_Arcade_Boss_Onibaba_2.0.png', 
'http://htkb.info/SDE/2.0/Cards/Arcade/Bosses/Card_Arcade_Boss_Onibaba_2.0_back.png', 
'http://htkb.online/SDWiki/SDE/2.0/Cards/Arcade/Bosses/Onibaba.xhtml', 
'Boss', '2.0', '2.0 Core Set', 'Arcade', 
'As a mortal, Onibaba would lure stragglers from battles into her traps, finish them off, and sell their possessions. One night, however, she pulled a finely crafted mask from a dark and terrible samurai, and slipped it on over her face. In that instant, the dark power from within the mask touched the festering rot in her soul and consumed her. Soon the mortal hag was infested by an ageless, devouring horror that has stalked Kagejima''s places of slaughter ever since.');
insert into Characters (CardIndex) VALUES (1350);
insert into ArcadeCharacters (CharacterIndex, SoloStatLineIndex, GangStatLineIndex) 
VALUES (944, 473, -1);
insert into AffinityAssignments (CharacterIndex, AffinityIndex) VALUES (944, 1); --Citrine
insert into AffinityAssignments (CharacterIndex, AffinityIndex) VALUES (944, 3); --Ruby
--GangMemberIndex 635
insert into GangMembers (ArcadeCharacterIndex, MemberOrder, Name, CreatureType, RankType, MemberMovement, MemberHealth, MemberArmor, ExploreCharacterIndex)
VALUES (187, 0, 'Onibaba', 'Oni', 'Boss', 6, 9, 4, 220);
insert into KeywordAssignments (GangMemberIndex, KeywordIndex) VALUES (635, 453); --Bane
insert into KeywordAssignments (GangMemberIndex, KeywordIndex) VALUES (635, 867); --Scavenger
insert into AbilityAssignments (GangMemberIndex, AbilityIndex) VALUES (635, 1097); --Feed, My Children
insert into AbilityAssignments (GangMemberIndex, AbilityIndex) VALUES (635, 930); --Crippling Miasma
insert into AbilityAssignments (GangMemberIndex, AbilityIndex) VALUES (635, 1014); --Devouring Horror

--Onryo	--CardIndex 1351	--CharacterIndex 945	--ArcadeCharacterIndex 188
insert into Cards (Name, PictureFront, PictureBack, Link, CardType, ProductSet, ProductModule, PlayMode, Flavor) VALUES ('Onryo',
'http://htkb.info/SDE/2.0/Cards/Arcade/Bosses/Card_Arcade_Boss_Onryo_2.0.png', 
'http://htkb.info/SDE/2.0/Cards/Arcade/Bosses/Card_Arcade_Boss_Onryo_2.0_back.png', 
'http://htkb.online/SDWiki/SDE/2.0/Cards/Arcade/Bosses/Onryo.xhtml', 
'Boss', '2.0', '2.0 Core Set', 'Arcade', 
'"Into the darkness, under the trees. Into the water, follow me please."');
insert into Characters (CardIndex) VALUES (1351);
insert into ArcadeCharacters (CharacterIndex, SoloStatLineIndex, GangStatLineIndex) 
VALUES (945, 473, -1);
insert into AffinityAssignments (CharacterIndex, AffinityIndex) VALUES (945, 0); --Amethyst
--GangMemberIndex 636
insert into GangMembers (ArcadeCharacterIndex, MemberOrder, Name, CreatureType, RankType, MemberMovement, MemberHealth, MemberArmor, ExploreCharacterIndex)
VALUES (188, 0, 'Onryo', 'Undead Ghost', 'Boss', 6, 8, 4, 221);
insert into KeywordAssignments (GangMemberIndex, KeywordIndex) VALUES (636, 453); --Bane
insert into KeywordAssignments (GangMemberIndex, KeywordIndex) VALUES (636, 629); --Ghost
insert into KeywordAssignments (GangMemberIndex, KeywordIndex) VALUES (636, 633); --Ghostmancer
insert into KeywordAssignments (GangMemberIndex, KeywordIndex) VALUES (636, 672); --Immobile
insert into KeywordAssignments (GangMemberIndex, KeywordIndex) VALUES (636, 681); --Immune: Status Effects
insert into KeywordAssignments (GangMemberIndex, KeywordIndex) VALUES (636, 727); --Massive Damage
insert into AbilityAssignments (GangMemberIndex, AbilityIndex) VALUES (636, 1884); --Unfortunate Accident
insert into AbilityAssignments (GangMemberIndex, AbilityIndex) VALUES (636, 962); --Cursed Vision
insert into AbilityAssignments (GangMemberIndex, AbilityIndex) VALUES (636, 1107); --Final Day

--Pauper Prince	--CardIndex 1352	--CharacterIndex 946	--ArcadeCharacterIndex 189
insert into Cards (Name, PictureFront, PictureBack, Link, CardType, ProductSet, ProductModule, PlayMode, Flavor) VALUES ('Pauper Prince',
'http://htkb.info/SDE/2.0/Cards/Arcade/Bosses/Card_Arcade_Boss_Pauper_Prince_2.0.png', 
'http://htkb.info/SDE/2.0/Cards/Arcade/Bosses/Card_Arcade_Boss_Pauper_Prince_2.0_back.png', 
'http://htkb.online/SDWiki/SDE/2.0/Cards/Arcade/Bosses/Pauper_Prince.xhtml', 
'Boss', '2.0', '2.0 Core Set', 'Arcade', 
'"Didn''t you know? All travelers to the Undercove must pay the the Prince''s Due."');
insert into Characters (CardIndex) VALUES (1352);
insert into ArcadeCharacters (CharacterIndex, SoloStatLineIndex, GangStatLineIndex) 
VALUES (946, 473, -1);
insert into AffinityAssignments (CharacterIndex, AffinityIndex) VALUES (946, 1); --Citrine
--GangMemberIndex 637
insert into GangMembers (ArcadeCharacterIndex, MemberOrder, Name, CreatureType, RankType, MemberMovement, MemberHealth, MemberArmor, ExploreCharacterIndex)
VALUES (189, 0, 'Pauper Prince', 'Troll', 'Boss', 5, 9, 4, 222);
insert into KeywordAssignments (GangMemberIndex, KeywordIndex) VALUES (637, 548); --Dibs
insert into KeywordAssignments (GangMemberIndex, KeywordIndex) VALUES (637, 672); --Immobile
insert into KeywordAssignments (GangMemberIndex, KeywordIndex) VALUES (637, 807); --Poison
insert into KeywordAssignments (GangMemberIndex, KeywordIndex) VALUES (637, 880); --Shake Down
insert into KeywordAssignments (GangMemberIndex, KeywordIndex) VALUES (637, 1041); --Tough
insert into AbilityAssignments (GangMemberIndex, AbilityIndex) VALUES (637, 1055); --Easy Mark
insert into AbilityAssignments (GangMemberIndex, AbilityIndex) VALUES (637, 2090); --Pipe Puff

--Professor Cackle-Clink	--CardIndex 1353	--CharacterIndex 947	--ArcadeCharacterIndex 190
insert into Cards (Name, PictureFront, PictureBack, Link, CardType, ProductSet, ProductModule, PlayMode, Flavor) VALUES ('Professor Cackle-Clink',
'http://htkb.info/SDE/2.0/Cards/Arcade/Bosses/Card_Arcade_Boss_Professor_Cackle_Clink_2.0.png', 
'http://htkb.info/SDE/2.0/Cards/Arcade/Bosses/Card_Arcade_Boss_Professor_Cackle_Clink_2.0_back.png', 
'http://htkb.online/SDWiki/SDE/2.0/Cards/Arcade/Bosses/Professor_Cackle_Clink.xhtml', 
'Boss', '2.0', '2.0 Core Set', 'Arcade', 
'');
insert into Characters (CardIndex) VALUES (1353);
insert into ArcadeCharacters (CharacterIndex, SoloStatLineIndex, GangStatLineIndex) 
VALUES (947, 473, -1);
insert into AffinityAssignments (CharacterIndex, AffinityIndex) VALUES (947, 2); --Emerald
--GangMemberIndex 638
insert into GangMembers (ArcadeCharacterIndex, MemberOrder, Name, CreatureType, RankType, MemberMovement, MemberHealth, MemberArmor, ExploreCharacterIndex)
VALUES (190, 0, 'Professor Cackl-Clink', 'Gnome', 'Boss', 4, 8, 4, 223);
insert into KeywordAssignments (GangMemberIndex, KeywordIndex) VALUES (638, 1094); --Burrow
insert into KeywordAssignments (GangMemberIndex, KeywordIndex) VALUES (638, 573); --Excessive Armor
insert into KeywordAssignments (GangMemberIndex, KeywordIndex) VALUES (638, 677); --Immune: Immobile
insert into KeywordAssignments (GangMemberIndex, KeywordIndex) VALUES (638, 678); --Immune: Knockdown
insert into KeywordAssignments (GangMemberIndex, KeywordIndex) VALUES (638, 706); --Knockdown
insert into AbilityAssignments (GangMemberIndex, AbilityIndex) VALUES (638, 1603); --Run 'em Down
insert into AbilityAssignments (GangMemberIndex, AbilityIndex) VALUES (638, 1172); --Fragmentation Shell

--Starfire	--CardIndex 1354	--CharacterIndex 948	--ArcadeCharacterIndex 191
insert into Cards (Name, PictureFront, PictureBack, Link, CardType, ProductSet, ProductModule, PlayMode, Flavor) VALUES ('Starfire',
'http://htkb.info/SDE/2.0/Cards/Arcade/Bosses/Card_Arcade_Boss_Starfire_2.0.png', 
'http://htkb.info/SDE/2.0/Cards/Arcade/Bosses/Card_Arcade_Boss_Starfire_2.0_back.png', 
'http://htkb.online/SDWiki/SDE/2.0/Cards/Arcade/Bosses/Starfire.xhtml', 
'Boss', '2.0', '2.0 Core Set', 'Arcade', 
'While dragons are not uncommon in Crystalia, none inspire the terror of Starfire. From his volcanic mountain within the Dragonback Peaks he brings fire and destruction across the length and breadth of the realm. Vast herds are consumed by his appetites and entire treasuries are claimed by his greed.');
insert into Characters (CardIndex) VALUES (1354);
insert into ArcadeCharacters (CharacterIndex, SoloStatLineIndex, GangStatLineIndex) 
VALUES (948, 473, -1);
insert into AffinityAssignments (CharacterIndex, AffinityIndex) VALUES (948, 1); --Citrine
--GangMemberIndex 639
insert into GangMembers (ArcadeCharacterIndex, MemberOrder, Name, CreatureType, RankType, MemberMovement, MemberHealth, MemberArmor, ExploreCharacterIndex)
VALUES (191, 0, 'Starfire', 'Dragon', 'Boss', 8, 10, 3, 224);
insert into KeywordAssignments (GangMemberIndex, KeywordIndex) VALUES (639, 588); --Fire
insert into KeywordAssignments (GangMemberIndex, KeywordIndex) VALUES (639, 596); --Fly
insert into KeywordAssignments (GangMemberIndex, KeywordIndex) VALUES (639, 674); --Immune: Fire
insert into KeywordAssignments (GangMemberIndex, KeywordIndex) VALUES (639, 706); --Knockdown
insert into AbilityAssignments (GangMemberIndex, AbilityIndex) VALUES (639, 1317); --Inferno
insert into AbilityAssignments (GangMemberIndex, AbilityIndex) VALUES (639, 1807); --Tail Sweep

--Testudo Tower	--CardIndex 1355	--CharacterIndex 949	--ArcadeCharacterIndex 192
insert into Cards (Name, PictureFront, PictureBack, Link, CardType, ProductSet, ProductModule, PlayMode, Flavor) VALUES ('Testudo Tower',
'http://htkb.info/SDE/2.0/Cards/Arcade/Bosses/Card_Arcade_Boss_Testudo_Tower_2.0.png', 
'http://htkb.info/SDE/2.0/Cards/Arcade/Bosses/Card_Arcade_Boss_Testudo_Tower_2.0_back.png', 
'http://htkb.online/SDWiki/SDE/2.0/Cards/Arcade/Bosses/Testudo_Tower.xhtml', 
'Boss', '2.0', '2.0 Core Set', 'Arcade', 
'');
insert into Characters (CardIndex) VALUES (1355);
insert into ArcadeCharacters (CharacterIndex, SoloStatLineIndex, GangStatLineIndex) 
VALUES (949, 473, -1);
insert into AffinityAssignments (CharacterIndex, AffinityIndex) VALUES (949, 4); --Sapphire
--GangMemberIndex 640
insert into GangMembers (ArcadeCharacterIndex, MemberOrder, Name, CreatureType, RankType, MemberMovement, MemberHealth, MemberArmor, ExploreCharacterIndex)
VALUES (192, 0, 'Testudo Tower', 'Rocktop', 'Boss', 4, 10, 4, 225);
insert into KeywordAssignments (GangMemberIndex, KeywordIndex) VALUES (640, 487); --Bulldozer
insert into KeywordAssignments (GangMemberIndex, KeywordIndex) VALUES (640, 681); --Immune: Status Effects
insert into KeywordAssignments (GangMemberIndex, KeywordIndex) VALUES (640, 1096); --Knockdown
insert into KeywordAssignments (GangMemberIndex, KeywordIndex) VALUES (640, 1020); --Sturdy
insert into AbilityAssignments (GangMemberIndex, AbilityIndex) VALUES (640, 1638); --Shell Shock
insert into AbilityAssignments (GangMemberIndex, AbilityIndex) VALUES (640, 826); --Booming Bombards

--Thresher, The	--CardIndex 1356	--CharacterIndex 950	--ArcadeCharacterIndex 193
insert into Cards (Name, PictureFront, PictureBack, Link, CardType, ProductSet, ProductModule, PlayMode, Flavor) VALUES ('Thresher, The',
'http://htkb.info/SDE/2.0/Cards/Arcade/Bosses/Card_Arcade_Boss_Thresher_The_2.0.png', 
'http://htkb.info/SDE/2.0/Cards/Arcade/Bosses/Card_Arcade_Boss_Thresher_The_2.0_back.png', 
'http://htkb.online/SDWiki/SDE/2.0/Cards/Arcade/Bosses/Thresher_The.xhtml', 
'Boss', '2.0', '2.0 Core Set', 'Arcade', 
'Often mistaken for The Great Pumpkin, Threshers are magically imbued constructs of hay, wood, and a burning desire to reap all living things like wheat in the field. With a slow stomping tread, straw and bugs shake out from the creature''s rotten timbers with each step, often giving a nasty case of hay fever to any heroes with allergies nearby.'); 
insert into Characters (CardIndex) VALUES (1356);
insert into ArcadeCharacters (CharacterIndex, SoloStatLineIndex, GangStatLineIndex) 
VALUES (950, 473, -1);
insert into AffinityAssignments (CharacterIndex, AffinityIndex) VALUES (950, 0); --Amethyst
--GangMemberIndex 641
insert into GangMembers (ArcadeCharacterIndex, MemberOrder, Name, CreatureType, RankType, MemberMovement, MemberHealth, MemberArmor, ExploreCharacterIndex)
VALUES (193, 0, 'Thresher, The', 'Construct', 'Boss', 5, 9, 4, 226);
insert into KeywordAssignments (GangMemberIndex, KeywordIndex) VALUES (641, 595); --Flammable
insert into KeywordAssignments (GangMemberIndex, KeywordIndex) VALUES (641, 649); --Hex
insert into KeywordAssignments (GangMemberIndex, KeywordIndex) VALUES (641, 728); --Massive Damage
insert into AbilityAssignments (GangMemberIndex, AbilityIndex) VALUES (641, 896); --Cloud of Straw
insert into AbilityAssignments (GangMemberIndex, AbilityIndex) VALUES (641, 943); --Cull the Weak
insert into AbilityAssignments (GangMemberIndex, AbilityIndex) VALUES (641, 769); --Bag of Crows

--Ugg	--CardIndex 1357	--CharacterIndex 951	--ArcadeCharacterIndex 194
insert into Cards (Name, PictureFront, PictureBack, Link, CardType, ProductSet, ProductModule, PlayMode, Flavor) VALUES ('Ugg',
'http://htkb.info/SDE/2.0/Cards/Arcade/Bosses/Card_Arcade_Boss_Ugg_2.0.png', 
'http://htkb.info/SDE/2.0/Cards/Arcade/Bosses/Card_Arcade_Boss_Ugg_2.0_back.png', 
'http://htkb.online/SDWiki/SDE/2.0/Cards/Arcade/Bosses/Ugg.xhtml', 
'Boss', '2.0', '2.0 Core Set', 'Arcade', 
''); --!! unavailable !!
insert into Characters (CardIndex) VALUES (1357);
insert into ArcadeCharacters (CharacterIndex, SoloStatLineIndex, GangStatLineIndex) 
VALUES (951, 473, -1);
insert into AffinityAssignments (CharacterIndex, AffinityIndex) VALUES (951, 3); --Ruby
--GangMemberIndex 642
insert into GangMembers (ArcadeCharacterIndex, MemberOrder, Name, CreatureType, RankType, MemberMovement, MemberHealth, MemberArmor, ExploreCharacterIndex)
VALUES (194, 0, 'Ugg', 'Ogre', 'Boss', 4, 6, 3, 227);
insert into KeywordAssignments (GangMemberIndex, KeywordIndex) VALUES (642, 488); --Bully
insert into KeywordAssignments (GangMemberIndex, KeywordIndex) VALUES (642, 728); --Massive Damage
insert into KeywordAssignments (GangMemberIndex, KeywordIndex) VALUES (642, 765); --My Brother!
insert into AbilityAssignments (GangMemberIndex, AbilityIndex) VALUES (642, 1651); --Shoots 'em In The Air!!!
insert into AbilityAssignments (GangMemberIndex, AbilityIndex) VALUES (642, 1762); --Stomp And Bash
insert into AbilityAssignments (GangMemberIndex, AbilityIndex) VALUES (642, 2036); --You're Bleeding, Brother!

--Ymnaur Wintersson	--CardIndex 1358	--CharacterIndex 952	--ArcadeCharacterIndex 195
insert into Cards (Name, PictureFront, PictureBack, Link, CardType, ProductSet, ProductModule, PlayMode, Flavor) VALUES ('Ymnaur Wintersson',
'http://htkb.info/SDE/2.0/Cards/Arcade/Bosses/Card_Arcade_Boss_Ymnaur_Wintersson_2.0.png', 
'http://htkb.info/SDE/2.0/Cards/Arcade/Bosses/Card_Arcade_Boss_Ymnaur_Wintersson_2.0_back.png', 
'http://htkb.online/SDWiki/SDE/2.0/Cards/Arcade/Bosses/Ymnaur_Wintersson.xhtml', 
'Boss', '2.0', '2.0 Core Set', 'Arcade', 
'Unlike most Jotnar, who seek a life of peaceful introspection high upon the Skull White Fastness, Ymnaur''s refuses to accept peace. With the fury of an avalanche, every strike of his frozen axe binds the land in deep frost.');
insert into Characters (CardIndex) VALUES (1358);
insert into ArcadeCharacters (CharacterIndex, SoloStatLineIndex, GangStatLineIndex) 
VALUES (952, 473, -1);
insert into AffinityAssignments (CharacterIndex, AffinityIndex) VALUES (952, 1); --Citrine
--GangMemberIndex 643
insert into GangMembers (ArcadeCharacterIndex, MemberOrder, Name, CreatureType, RankType, MemberMovement, MemberHealth, MemberArmor, ExploreCharacterIndex)
VALUES (195, 0, 'Ymnaur Wintersson', 'Ice Giant', 'Boss', 4, 1, 4, 228);
insert into KeywordAssignments (GangMemberIndex, KeywordIndex) VALUES (643, 668); --Ice
insert into KeywordAssignments (GangMemberIndex, KeywordIndex) VALUES (643, 676); --Immune: Ice
insert into KeywordAssignments (GangMemberIndex, KeywordIndex) VALUES (643, 725); --Mark The Path
insert into KeywordAssignments (GangMemberIndex, KeywordIndex) VALUES (643, 845); --Refuge
insert into AbilityAssignments (GangMemberIndex, AbilityIndex) VALUES (643, 1861); --Travel The Way
insert into AbilityAssignments (GangMemberIndex, AbilityIndex) VALUES (643, 1754); --Stinging Wind


