--SDE
--2.0.2 
--Heroes


--Black-Handed Henry --CardIndex 2228	--CharacterIndex 1106	--ExploreCharacterIndex 774
insert into Cards (Name, PictureFront, PictureBack, Link, CardType, ProductSet, ProductModule, PlayMode, Flavor) VALUES (
'Black-Handed Henry', 
'http://htkb.info/SDE/2.0/Cards/Heroes/Card_Hero_Black_Handed_Henry_2.0.png', 
'http://htkb.info/SDE/2.0/Cards/Heroes/Card_Hero_Black_Handed_Henry_2.0_back.png', 
'http://htkb.online/SDWiki/SDE/2.0/Cards/Heroes/Black_Handed_Henry.xhtml', 
'Hero', '2.0', '2.0 Core Set', 'Default', 
'I''m no Hero.  I''m simply here to the plunder and potions!');
insert into Characters (CardIndex) VALUES (2228);
insert into AffinityAssignments (CharacterIndex, AffinityIndex) VALUES (1106, 4); --Sapphire
insert into ExploreCharacters (CharacterIndex, StandieFront, StandieBack, Gender, ModelSize, CreatureType, Movement, Actions, Strength, Armor, Will, Dexterity, Health, Potions) 
VALUES (1106, 
'http://htkb.info/SDE/2.0/Cards/Heroes/Standies/Black_Handed_Henry_2.0.png', 
'http://htkb.info/SDE/2.0/Cards/Heroes/Standies/Black_Handed_Henry_2.0_back.png',
'Masculine', 'Small', 'Dwarf Pirate', 6, 3, '2B', '3B', '3B', '2R', 6, 2);
insert into KeywordAssignments (ExploreCharacterIndex, KeywordIndex) VALUES (774, 1116); --Keep the Rum Flowing
insert into KeywordAssignments (ExploreCharacterIndex, KeywordIndex) VALUES (774, 798); --Pet: Polly
insert into AbilityAssignments (ExploreCharacterIndex, AbilityIndex) VALUES (774, 2116); --Extra Powder
insert into AbilityAssignments (ExploreCharacterIndex, AbilityIndex) VALUES (774, 2070); --Garlic Breath
insert into AbilityAssignments (ExploreCharacterIndex, AbilityIndex) VALUES (774, 2069); --Black Coffee
insert into AbilityAssignments (ExploreCharacterIndex, AbilityIndex) VALUES (774, 2071); --Minty Fortress
insert into OffenseAssignments (ExploreCharacterIndex, AttributeIndex, OffenseRange) VALUES (774, 4, 6); --Dexterity
insert into DefenseAssignments (ExploreCharacterIndex, AttributeIndex) VALUES (774, 2); --Armor

--Cheeto --CardIndex 2229	--CharacterIndex 1107	--ExploreCharacterIndex 775
insert into Cards (Name, PictureFront, PictureBack, Link, CardType, ProductSet, ProductModule, PlayMode, Flavor) VALUES (
'Cheeto', 
'http://htkb.info/SDE/2.0/Cards/Heroes/Card_Hero_Cheeto_2.0.png', 
'http://htkb.info/SDE/2.0/Cards/Heroes/Card_Hero_Cheeto_2.0_back.png', 
'http://htkb.online/SDWiki/SDE/2.0/Cards/Heroes/Cheeto.xhtml', 
'Hero', '2.0', '2.0 Core Set', 'Default', 
'Freed from the clutches of the Dark Consul''s minions by a daring raid led by Star Princess Candy, Chuy, and Colo.  Cheeto and Colo immediately became inseparable companions.  Working in regions ruled by the Consul, they smuggle supplies and supply aid to those who resist the darkness.  Just don''t tell Colo that he''s actually the sidekick.');
insert into Characters (CardIndex) VALUES (2229);
insert into AffinityAssignments (CharacterIndex, AffinityIndex) VALUES (1107, 2); --Emerald
insert into ExploreCharacters (CharacterIndex, StandieFront, StandieBack, Gender, ModelSize, CreatureType, Movement, Actions, Strength, Armor, Will, Dexterity, Health, Potions) 
VALUES (1107, 
'http://htkb.info/SDE/2.0/Cards/Heroes/Standies/Cheeto_2.0.png', 
'http://htkb.info/SDE/2.0/Cards/Heroes/Standies/Cheeto_2.0_back.png',
'Masculine', 'Large', 'Bugbear', 5, 3, '2B 1R', '2R', '2B', '2B', 6, 1);
insert into KeywordAssignments (ExploreCharacterIndex, KeywordIndex) VALUES (775, 1019); --Sturdy
insert into KeywordAssignments (ExploreCharacterIndex, KeywordIndex) VALUES (775, 1110); --Familiar: Colo
insert into AbilityAssignments (ExploreCharacterIndex, AbilityIndex) VALUES (775, 2068); --Bow Bomb
insert into AbilityAssignments (ExploreCharacterIndex, AbilityIndex) VALUES (775, 2057); --Tear Your Arms Off
insert into AbilityAssignments (ExploreCharacterIndex, AbilityIndex) VALUES (775, 2047); --Scoundrel Slushie
insert into OffenseAssignments (ExploreCharacterIndex, AttributeIndex, OffenseRange) VALUES (775, 1, 2); --Strength
insert into DefenseAssignments (ExploreCharacterIndex, AttributeIndex) VALUES (775, 2); --Armor

--D'Shaun (Alt) --CardIndex 2230	--CharacterIndex 1108	--ExploreCharacterIndex 776
insert into Cards (Name, PictureFront, PictureBack, Link, CardType, ProductSet, ProductModule, PlayMode, Flavor) VALUES ('D''Shaun', 
'http://htkb.info/SDE/2.0/Cards/Heroes/Card_Hero_D_Shaun_alt_2.0.png', 
'http://htkb.info/SDE/2.0/Cards/Heroes/Card_Hero_D_Shaun_alt_2.0_back.png', 
'http://htkb.online/SDWiki/SDE/2.0/Cards/Heroes/D_Shaun_alt.xhtml', 
'Hero', '2.0', '2.0 Core Set', 'Default', 
'Growing up D''Shaun was an unabashed pirate fan. Every halloween costume was a pirate and every school report detailed his newest favorite cutthroat of the high seas. As the Cursed Captain, D''Shaun continues his obsession in his favorite video game.');
insert into Characters (CardIndex) VALUES (2230);
insert into AffinityAssignments (CharacterIndex, AffinityIndex) VALUES (1108, 3); --Ruby
insert into AffinityAssignments (CharacterIndex, AffinityIndex) VALUES (1108, 1); --Citrine
insert into ExploreCharacters (CharacterIndex, StandieFront, StandieBack, Gender, ModelSize, CreatureType, Movement, Actions, Strength, Armor, Will, Dexterity, Health, Potions) 
VALUES (1108, 
'http://htkb.info/SDE/2.0/Cards/Heroes/Standies/D_Shaun_2.0.png', 
'http://htkb.info/SDE/2.0/Cards/Heroes/Standies/D_Shaun_2.0_back.png',
'Masculine', 'Small', 'Human', 6, 3, '3B', '3B', '1B 1R', '1B 1R', 5, 1);
insert into KeywordAssignments (ExploreCharacterIndex, KeywordIndex) VALUES (776, 673); --Immune: Bane
insert into KeywordAssignments (ExploreCharacterIndex, KeywordIndex) VALUES (776, 679); --Immune: Poison
insert into AbilityAssignments (ExploreCharacterIndex, AbilityIndex) VALUES (776, 1146); --Flintlock
insert into AbilityAssignments (ExploreCharacterIndex, AbilityIndex) VALUES (776, 1352); --Kraken
insert into AbilityAssignments (ExploreCharacterIndex, AbilityIndex) VALUES (776, 1864); --Treasure Map
insert into OffenseAssignments (ExploreCharacterIndex, AttributeIndex, OffenseRange) VALUES (776, 1, 1); --Strength
insert into DefenseAssignments (ExploreCharacterIndex, AttributeIndex) VALUES (776, 2); --Armor

--Deepwater Diver --CardIndex 2231	--CharacterIndex 1109	--ExploreCharacterIndex 777
insert into Cards (Name, PictureFront, PictureBack, Link, CardType, ProductSet, ProductModule, PlayMode, Flavor) VALUES ('D''Shaun', 
'http://htkb.info/SDE/2.0/Cards/Heroes/Card_Hero_Deepwater_Diver_2.0.png', 
'http://htkb.info/SDE/2.0/Cards/Heroes/Card_Hero_Deepwater_Diver_2.0_back.png', 
'http://htkb.online/SDWiki/SDE/2.0/Cards/Heroes/Deepwater_Diver.xhtml', 
'Hero', '2.0', '2.0 Core Set', 'Default', 
'There''s a gnome inside.  Or so they say.<br>Its not come out for many a day.<br>Where are you gnome?  Don''t hide away.<br>A dungeon we''ve found.  It''s time to play.<br>Click-clatter to life.  Into the fray!');
insert into Characters (CardIndex) VALUES (2231);
insert into AffinityAssignments (CharacterIndex, AffinityIndex) VALUES (1109, 1); --Citrine
insert into ExploreCharacters (CharacterIndex, StandieFront, StandieBack, Gender, ModelSize, CreatureType, Movement, Actions, Strength, Armor, Will, Dexterity, Health, Potions) 
VALUES (1109, 
'http://htkb.info/SDE/2.0/Cards/Heroes/Standies/Deepwater_Diver_2.0.png', 
'http://htkb.info/SDE/2.0/Cards/Heroes/Standies/Deepwater_Diver_2.0_back.png',
'Either', 'Large', 'Gnome Construct', 5, 3, '2R', '3B 1R', '2B', '1B', 5, 1);
insert into KeywordAssignments (ExploreCharacterIndex, KeywordIndex) VALUES (777, 636); --Grabby
insert into KeywordAssignments (ExploreCharacterIndex, KeywordIndex) VALUES (777, 676); --Immune: Ice
insert into AbilityAssignments (ExploreCharacterIndex, AbilityIndex) VALUES (777, 2035); --Lead With The Beard
insert into AbilityAssignments (ExploreCharacterIndex, AbilityIndex) VALUES (777, 2031); --Go.  Go.  Grabby Claws
insert into AbilityAssignments (ExploreCharacterIndex, AbilityIndex) VALUES (777, 2049); --Seal The Hatches
insert into AbilityAssignments (ExploreCharacterIndex, AbilityIndex) VALUES (777, 2019); --Bubbles!
insert into OffenseAssignments (ExploreCharacterIndex, AttributeIndex, OffenseRange) VALUES (777, 1, 2); --Strength
insert into DefenseAssignments (ExploreCharacterIndex, AttributeIndex) VALUES (777, 2); --Armor

--Eiko Ando --CardIndex 2232	--CharacterIndex 1110	--ExploreCharacterIndex 778
insert into Cards (Name, PictureFront, PictureBack, Link, CardType, ProductSet, ProductModule, PlayMode, Flavor) VALUES (
'Eiko Ando', 
'http://htkb.info/SDE/2.0/Cards/Heroes/Card_Hero_Eiko_Ando_2.0.png', 
'http://htkb.info/SDE/2.0/Cards/Heroes/Card_Hero_Eiko_Ando_2.0_back.png', 
'http://htkb.online/SDWiki/SDE/2.0/Cards/Heroes/Eiko_Ando.xhtml', 
'Hero', '2.0', '2.0 Core Set', 'Default', 
'The Light of the Goddess blind you.  The purity of Ameratsu bind you.  The soul of Kagejima banish you!');
insert into Characters (CardIndex) VALUES (2232);
insert into AffinityAssignments (CharacterIndex, AffinityIndex) VALUES (1110, 4); --Sapphire
insert into ExploreCharacters (CharacterIndex, StandieFront, StandieBack, Gender, ModelSize, CreatureType, Movement, Actions, Strength, Armor, Will, Dexterity, Health, Potions) 
VALUES (1110, 
'http://htkb.info/SDE/2.0/Cards/Heroes/Standies/Eiko_Ando_2.0.png', 
'http://htkb.info/SDE/2.0/Cards/Heroes/Standies/Eiko_Ando_2.0_back.png',
'Feminine', 'Small', 'Human', 6, 3, '2B', '3B', '3B', '2B', 5, 1);
insert into KeywordAssignments (ExploreCharacterIndex, KeywordIndex) VALUES (778, 1107); --Exorcist
insert into AbilityAssignments (ExploreCharacterIndex, AbilityIndex) VALUES (778, 2044); --Power of Prayer, The
insert into AbilityAssignments (ExploreCharacterIndex, AbilityIndex) VALUES (778, 2045); --Purifying Water
insert into AbilityAssignments (ExploreCharacterIndex, AbilityIndex) VALUES (778, 2051); --Soulmark
insert into AbilityAssignments (ExploreCharacterIndex, AbilityIndex) VALUES (778, 2052); --Soul Tether
insert into OffenseAssignments (ExploreCharacterIndex, AttributeIndex, OffenseRange) VALUES (778, 3, 8); --Will
insert into DefenseAssignments (ExploreCharacterIndex, AttributeIndex) VALUES (778, 2); --Armor

--Hermit Swordmage --CardIndex 2233	--CharacterIndex 1111	--ExploreCharacterIndex 779
insert into Cards (Name, PictureFront, PictureBack, Link, CardType, ProductSet, ProductModule, PlayMode, Flavor) VALUES (
'Hermit Swordmage', 
'http://htkb.info/SDE/2.0/Cards/Heroes/Card_Hero_Hermit_Swordmage_2.0.png', 
'http://htkb.info/SDE/2.0/Cards/Heroes/Card_Hero_Hermit_Swordmage_2.0_back.png', 
'http://htkb.online/SDWiki/SDE/2.0/Cards/Heroes/Hermit_Swordmage.xhtml', 
'Hero', '2.0', '2.0 Core Set', 'Default', 
'While younger Arcadian Swordmages have begun to travel openly through the Realms, elder swordmages live lives of quiet contemplation exploring the greater mysteries and preserving their knowledge to pass down to their apprentices.  It is a foolish villain who underestimates these "hermits", for they are true masters of their craft.');
insert into Characters (CardIndex) VALUES (2233);
insert into AffinityAssignments (CharacterIndex, AffinityIndex) VALUES (1111, 4); --Sapphire
insert into ExploreCharacters (CharacterIndex, StandieFront, StandieBack, Gender, ModelSize, CreatureType, Movement, Actions, Strength, Armor, Will, Dexterity, Health, Potions) 
VALUES (1111, 
'http://htkb.info/SDE/2.0/Cards/Heroes/Standies/Eiko_Ando_2.0.png', 
'http://htkb.info/SDE/2.0/Cards/Heroes/Standies/Eiko_Ando_2.0_back.png',
'Masculine', 'Small', 'Human', 6, 3, '3B', '2R', '2B 1R', '3B', 5, 1);
insert into KeywordAssignments (ExploreCharacterIndex, KeywordIndex) VALUES (779, 796); --Pep Talk
insert into KeywordAssignments (ExploreCharacterIndex, KeywordIndex) VALUES (779, 1006); --Steady
insert into AbilityAssignments (ExploreCharacterIndex, AbilityIndex) VALUES (779, 1396); --Mage Push
insert into AbilityAssignments (ExploreCharacterIndex, AbilityIndex) VALUES (779, 2039); --Master Push
insert into AbilityAssignments (ExploreCharacterIndex, AbilityIndex) VALUES (779, 2040); --Mind Trick
insert into AbilityAssignments (ExploreCharacterIndex, AbilityIndex) VALUES (779, 2020); --Cantina Coffee
insert into OffenseAssignments (ExploreCharacterIndex, AttributeIndex, OffenseRange) VALUES (779, 3, 1); --Will
insert into DefenseAssignments (ExploreCharacterIndex, AttributeIndex) VALUES (779, 2); --Armor

--Magoichi --CardIndex 2234	--CharacterIndex 1112	--ExploreCharacterIndex 780
insert into Cards (Name, PictureFront, PictureBack, Link, CardType, ProductSet, ProductModule, PlayMode, Flavor) VALUES (
'Magoichi', 
'http://htkb.info/SDE/2.0/Cards/Heroes/Card_Hero_Magoichi_2.0.png', 
'http://htkb.info/SDE/2.0/Cards/Heroes/Card_Hero_Magoichi_2.0_back.png', 
'http://htkb.online/SDWiki/SDE/2.0/Cards/Heroes/Magoichi.xhtml', 
'Hero', '2.0', '2.0 Core Set', 'Default', 
'I have toppled tyrants greater than the Dark Consul.  You doubt me!?  Then why does he scurry and sulk in the shadows?  I''ll tell you.  He''s frightened!');
insert into Characters (CardIndex) VALUES (2234);
insert into AffinityAssignments (CharacterIndex, AffinityIndex) VALUES (1112, 4); --Sapphire
insert into ExploreCharacters (CharacterIndex, StandieFront, StandieBack, Gender, ModelSize, CreatureType, Movement, Actions, Strength, Armor, Will, Dexterity, Health, Potions) 
VALUES (1112, 
'http://htkb.info/SDE/2.0/Cards/Heroes/Standies/Magoichi_2.0.png', 
'http://htkb.info/SDE/2.0/Cards/Heroes/Standies/Magoichi_2.0_back.png',
'Masculine', 'Small', 'Human', 6, 3, '3B', '2R', '1B', '2R', 5, 1);
insert into KeywordAssignments (ExploreCharacterIndex, KeywordIndex) VALUES (780, 557); --Discipline
insert into KeywordAssignments (ExploreCharacterIndex, KeywordIndex) VALUES (780, 843); --Reckless
insert into AbilityAssignments (ExploreCharacterIndex, AbilityIndex) VALUES (780, 2041); --MORE POWDER!
insert into AbilityAssignments (ExploreCharacterIndex, AbilityIndex) VALUES (780, 2033); --I Just Stuffed Some Cutlery In There...
insert into OffenseAssignments (ExploreCharacterIndex, AttributeIndex, OffenseRange) VALUES (780, 4, 10); --Dexterity
insert into AbilityAssignments (ExploreCharacterIndex, AbilityIndex) VALUES (780, 2063); --Black Powder
insert into DefenseAssignments (ExploreCharacterIndex, AttributeIndex) VALUES (780, 2); --Armor

--Pirate Captain --CardIndex 2235	--CharacterIndex 1113	--ExploreCharacterIndex 781
insert into Cards (Name, PictureFront, PictureBack, Link, CardType, ProductSet, ProductModule, PlayMode, Flavor) VALUES (
'Pirate Captain', 
'http://htkb.info/SDE/2.0/Cards/Heroes/Card_Hero_Pirate_Captain_2.0.png', 
'http://htkb.info/SDE/2.0/Cards/Heroes/Card_Hero_Pirate_Captain_2.0_back.png', 
'http://htkb.online/SDWiki/SDE/2.0/Cards/Heroes/Pirate_Captain.xhtml', 
'Hero', '2.0', '2.0 Core Set', 'Default', 
'It seems that these days anybody with a cutlass, magic compass, and fancy hat wants to call tehmselves a Pirate Captain.  Don''t they realize that pirates are actually the bad guys?');
insert into Characters (CardIndex) VALUES (2235);
insert into AffinityAssignments (CharacterIndex, AffinityIndex) VALUES (1113, 4); --Sapphire
insert into ExploreCharacters (CharacterIndex, StandieFront, StandieBack, Gender, ModelSize, CreatureType, Movement, Actions, Strength, Armor, Will, Dexterity, Health, Potions) 
VALUES (1113, 
'http://htkb.info/SDE/2.0/Cards/Heroes/Standies/Pirate_Captain_2.0.png', 
'http://htkb.info/SDE/2.0/Cards/Heroes/Standies/Pirate_Captain_2.0_back.png',
'Masculine', 'Small', 'Pirate Human', 6, 3, '2R', '3B', '2B', '3B', 5, 1);
insert into KeywordAssignments (ExploreCharacterIndex, KeywordIndex) VALUES (781, 794); --Parry
insert into AbilityAssignments (ExploreCharacterIndex, AbilityIndex) VALUES (781, 1087); --Extra Powder
insert into AbilityAssignments (ExploreCharacterIndex, AbilityIndex) VALUES (781, 2028); --Fancy Sword Work
insert into AbilityAssignments (ExploreCharacterIndex, AbilityIndex) VALUES (781, 2023); --Double Cross
insert into AbilityAssignments (ExploreCharacterIndex, AbilityIndex) VALUES (781, 2046); --Rum
insert into OffenseAssignments (ExploreCharacterIndex, AttributeIndex, OffenseRange) VALUES (781, 1, 1); --Strength
insert into OffenseAssignments (ExploreCharacterIndex, AttributeIndex, OffenseRange) VALUES (781, 4, 6); --Dexterity
insert into DefenseAssignments (ExploreCharacterIndex, AttributeIndex) VALUES (781, 2); --Armor

--Skuttle Knight --CardIndex 2236	--CharacterIndex 1114	--ExploreCharacterIndex 782
insert into Cards (Name, PictureFront, PictureBack, Link, CardType, ProductSet, ProductModule, PlayMode, Flavor) VALUES (
'Skuttle Knight', 
'http://htkb.info/SDE/2.0/Cards/Heroes/Card_Hero_Skuttle_Knight_2.0.png', 
'http://htkb.info/SDE/2.0/Cards/Heroes/Card_Hero_Skuttle_Knight_2.0_back.png', 
'http://htkb.online/SDWiki/SDE/2.0/Cards/Heroes/Skuttle_Knight.xhtml', 
'Hero', '2.0', '2.0 Core Set', 'Default', 
'The Skuttle Knights stand at the forefront of Clockwork Cove''s defeneses.  These brave gnomes are drawn from the glorious and noble ranks of any gnome who can build or buy their own Skuttler.  The Cove''s guilds certainly aren''t going to just give some young gnomlet a clicking, clacking, clanking war walker.  It''s far too busy selling them to venerable and wealthy gnomes who need mobility assistance.');
insert into Characters (CardIndex) VALUES (2236);
insert into AffinityAssignments (CharacterIndex, AffinityIndex) VALUES (1114, 4); --Sapphire
insert into ExploreCharacters (CharacterIndex, StandieFront, StandieBack, Gender, ModelSize, CreatureType, Movement, Actions, Strength, Armor, Will, Dexterity, Health, Potions) 
VALUES (1114, 
'http://htkb.info/SDE/2.0/Cards/Heroes/Standies/Skuttle_Knight_2.0.png', 
'http://htkb.info/SDE/2.0/Cards/Heroes/Standies/Skuttle_Knight_2.0_back.png',
'Masculine', 'Large', 'Gnome', 3, 4, '2R', '2B 1R', '3B', '2B', 5, 1);
insert into KeywordAssignments (ExploreCharacterIndex, KeywordIndex) VALUES (782, 1022); --Surefoot
insert into KeywordAssignments (ExploreCharacterIndex, KeywordIndex) VALUES (782, 1107); --Catastrophic Failure
insert into AbilityAssignments (ExploreCharacterIndex, AbilityIndex) VALUES (782, 2043); --Pinch And Tear
insert into AbilityAssignments (ExploreCharacterIndex, AbilityIndex) VALUES (782, 1895); --Vent Steam
insert into AbilityAssignments (ExploreCharacterIndex, AbilityIndex) VALUES (782, 2050); --Skuttle
insert into AbilityAssignments (ExploreCharacterIndex, AbilityIndex) VALUES (782, 2021); --Crab Juice
insert into OffenseAssignments (ExploreCharacterIndex, AttributeIndex, OffenseRange) VALUES (782, 1, 2); --Strength
insert into DefenseAssignments (ExploreCharacterIndex, AttributeIndex) VALUES (782, 2); --Armor












--SDE
--2.0.2 
--Pets


--Polly --CardIndex 2237	--CharacterIndex 1115	--ExploreCharacterIndex 783
insert into Cards (Name, PictureFront, PictureBack, Link, CardType, ProductSet, ProductModule, PlayMode, Flavor) VALUES (
'Polly',
'http://htkb.info/SDE/2.0/Cards/Pets/Card_Pet_Polly_2.0.png', 
'http://htkb.info/SDE/2.0/Cards/Pets/Card_Pet_Polly_2.0_back.png', 
'http://htkb.online/SDWiki/SDE/2.0/Cards/Pets/Polly.xhtml', 
'Pet', '2.0', '2.0 Core Set', 'Default', 
'');
insert into Characters (CardIndex) VALUES (2237);
insert into AffinityAssignments (CharacterIndex, AffinityIndex) VALUES (1115, 4); --Sapphire
insert into ExploreCharacters (CharacterIndex, StandieFront, StandieBack, Gender, ModelSize, CreatureType, Movement, Actions, Strength, Armor, Will, Dexterity, Health, Potions) 
VALUES (1115,
'http://htkb.info/SDE/2.0/Cards/Pets/Standies/Polly_2.0.png', 
'http://htkb.info/SDE/2.0/Cards/Pets/Standies/Polly_2.0_back.png',
'Either', 'Small', '', 10, 2, '1B', '3B', '1B', '3B', 2, 0);
insert into KeywordAssignments (ExploreCharacterIndex, KeywordIndex) VALUES (783, 1117); --Fly
insert into AbilityAssignments (ExploreCharacterIndex, AbilityIndex) VALUES (783, 2072); --Polly Wants a Potion
insert into AbilityAssignments (ExploreCharacterIndex, AbilityIndex) VALUES (783, 2073); --Master Got a Potion
insert into OffenseAssignments (ExploreCharacterIndex, AttributeIndex, OffenseRange) VALUES (783, 4, 1); --Dexterity
insert into DefenseAssignments (ExploreCharacterIndex, AttributeIndex) VALUES (783, 2); --Armor
insert into Pets (ExploreCharacterIndex, Cost, RangeLimit) VALUES (783, 3, -1);

--Mister Pinchers --CardIndex 2238	--CharacterIndex 1116	--ExploreCharacterIndex 784
insert into Cards (Name, PictureFront, PictureBack, Link, CardType, ProductSet, ProductModule, PlayMode, Flavor) VALUES (
'Mister Pinchers',
'http://htkb.info/SDE/2.0/Cards/Pets/Card_Pet_Mister_Pinchers_2.0.png', 
'http://htkb.info/SDE/2.0/Cards/Pets/Card_Pet_Mister_Pinchers_2.0_back.png', 
'http://htkb.online/SDWiki/SDE/2.0/Cards/Pets/Mister_Pinchers.xhtml', 
'Pet', '2.0', '2.0 Core Set', 'Default', 
'');
insert into Characters (CardIndex) VALUES (2238);
insert into AffinityAssignments (CharacterIndex, AffinityIndex) VALUES (1116, 4); --Sapphire
insert into ExploreCharacters (CharacterIndex, StandieFront, StandieBack, Gender, ModelSize, CreatureType, Movement, Actions, Strength, Armor, Will, Dexterity, Health, Potions) 
VALUES (1116,
'http://htkb.info/SDE/2.0/Cards/Pets/Standies/Mister_Pinchers_2.0.png', 
'http://htkb.info/SDE/2.0/Cards/Pets/Standies/Mister_Pinchers_2.0_back.png',
'Either', 'Small', '', 3, 1, '2B 1R', '3R', '0ST', '0ST', 1, 0);
insert into KeywordAssignments (ExploreCharacterIndex, KeywordIndex) VALUES (784, 1022); --Surefoot
insert into KeywordAssignments (ExploreCharacterIndex, KeywordIndex) VALUES (784, 1118); --Master Gains: Grabby (3)
insert into AbilityAssignments (ExploreCharacterIndex, AbilityIndex) VALUES (784, 2050); --Skuttle
insert into OffenseAssignments (ExploreCharacterIndex, AttributeIndex, OffenseRange) VALUES (784, 1, 2); --Strength
insert into DefenseAssignments (ExploreCharacterIndex, AttributeIndex) VALUES (784, 2); --Armor
insert into Pets (ExploreCharacterIndex, Cost, RangeLimit) VALUES (784, 2, 3);

--Lord Gruff v2 --CardIndex 2239	--CharacterIndex 1117	--ExploreCharacterIndex 785
insert into Cards (Name, PictureFront, PictureBack, Link, CardType, ProductSet, ProductModule, PlayMode, Flavor) VALUES ('Lord Gruff v2',
'http://htkb.info/SDE/2.0/Cards/Pets/Card_Pet_Lord_Gruff_2.0.png', 
'http://htkb.info/SDE/2.0/Cards/Pets/Card_Pet_Lord_Gruff_2.0_back.png', 
'http://htkb.online/SDWiki/SDE/2.0/Cards/Pets/Lord_Gruff.xhtml', 
'Pet', '2.0', '2.0 Core Set', 'Default', 
'Your average goat in Crystalia is blissfully ignorant of the Dark Consul. They are content to chew on plants and knock over fences. Not Lord Gruff. He learned of the forces of darkness when his pasture was overrun with possessed field mice. At least, he was certain they were possessed. They were not very friendly. When the other goats failed to understand the danger, or properly admire his self-appointed lordship, he set off to find a Hero worthy of his company.');
insert into Characters (CardIndex) VALUES (2239);
insert into AffinityAssignments (CharacterIndex, AffinityIndex) VALUES (1117, 4); --Sapphire
insert into ExploreCharacters (CharacterIndex, StandieFront, StandieBack, Gender, ModelSize, CreatureType, Movement, Actions, Strength, Armor, Will, Dexterity, Health, Potions) 
VALUES (1117,
'http://htkb.info/SDE/2.0/Cards/Pets/Standies/Lord_Gruff_2.0.png', 
'http://htkb.info/SDE/2.0/Cards/Pets/Standies/Lord_Gruff_2.0_back.png',
'Either', 'Small', '', 6, 1, '3B', '2R 1B', '1ST', '1ST', 2, 0);
insert into KeywordAssignments (ExploreCharacterIndex, KeywordIndex) VALUES (785, 709); --Knockdown
insert into KeywordAssignments (ExploreCharacterIndex, KeywordIndex) VALUES (785, 739); --Master Gains Knockdown
insert into KeywordAssignments (ExploreCharacterIndex, KeywordIndex) VALUES (785, 902); --Small
insert into AbilityAssignments (ExploreCharacterIndex, AbilityIndex) VALUES (785, 1238); --Grump
insert into OffenseAssignments (ExploreCharacterIndex, AttributeIndex, OffenseRange) VALUES (785, 1, 1); --Strength
insert into DefenseAssignments (ExploreCharacterIndex, AttributeIndex) VALUES (785, 2); --Armor
insert into Pets (ExploreCharacterIndex, Cost, RangeLimit) VALUES (785, 2, 2);

--Madam Hilde --CardIndex 2240	--CharacterIndex 1118	--ExploreCharacterIndex 786
insert into Cards (Name, PictureFront, PictureBack, Link, CardType, ProductSet, ProductModule, PlayMode, Flavor) VALUES ('Madam Hilde v2',
'http://htkb.info/SDE/2.0/Cards/Pets/Card_Pet_Madam_Hilde_2.0.png', 
'http://htkb.info/SDE/2.0/Cards/Pets/Card_Pet_Madam_Hilde_2.0_back.png', 
'http://htkb.online/SDWiki/SDE/2.0/Cards/Pets/Madam_Hilde.xhtml', 
'Pet', '2.0', '2.0 Core Set', 'Default', 
'After winning best in show at the village fair, Madam Hilde knew that she could do anything. After all, how many other singing pigs were there? She had to put her talents to good use. She knew she was destined for big things, so she set out for adventure, and the occasional mud bath.');
insert into Characters (CardIndex) VALUES (2240);
insert into AffinityAssignments (CharacterIndex, AffinityIndex) VALUES (1118, 4); --Sapphire
insert into ExploreCharacters (CharacterIndex, StandieFront, StandieBack, Gender, ModelSize, CreatureType, Movement, Actions, Strength, Armor, Will, Dexterity, Health, Potions) 
VALUES (1118,
'http://htkb.info/SDE/2.0/Cards/Pets/Standies/Madam_Hilde_2.0.png', 
'http://htkb.info/SDE/2.0/Cards/Pets/Standies/Madam_Hilde_2.0_back.png',
'Either', 'Small', '', 6, 1, '1R 1B', '2R 1B', '1ST', '1ST', 2, 0);
insert into KeywordAssignments (ExploreCharacterIndex, KeywordIndex) VALUES (786, 455); --Bane
insert into KeywordAssignments (ExploreCharacterIndex, KeywordIndex) VALUES (786, 748); --Master Gains Soprano
insert into KeywordAssignments (ExploreCharacterIndex, KeywordIndex) VALUES (786, 902); --Small
insert into AbilityAssignments (ExploreCharacterIndex, AbilityIndex) VALUES (786, 1713); --Soprano
insert into OffenseAssignments (ExploreCharacterIndex, AttributeIndex, OffenseRange) VALUES (786, 1, 1); --Strength
insert into DefenseAssignments (ExploreCharacterIndex, AttributeIndex) VALUES (786, 2); --Armor
insert into Pets (ExploreCharacterIndex, Cost, RangeLimit) VALUES (786, 2, 3);

--Miss G. Snorts --CardIndex 2241	--CharacterIndex 1119	--ExploreCharacterIndex 787
insert into Cards (Name, PictureFront, PictureBack, Link, CardType, ProductSet, ProductModule, PlayMode, Flavor) VALUES ('Miss G. Snorts v2',
'http://htkb.info/SDE/2.0/Cards/Pets/Card_Pet_Miss_G_Snorts_2.0.png', 
'http://htkb.info/SDE/2.0/Cards/Pets/Card_Pet_Miss_G_Snorts_2.0_back.png', 
'http://htkb.online/SDWiki/SDE/2.0/Cards/Pets/Miss_G_Snorts.xhtml', 
'Pet', '2.0', '2.0 Core Set', 'Default', 
'Her bark strikes fear into the hearts of all who follow the Dark Consul. Her breath reeks of doom, doom for all forces of darkness. Her bite is justice. Her muddy paw prints mark the way to the Light of Crystalia. She is Miss G. Snorts, and she is the best pet a hero could have.');
insert into Characters (CardIndex) VALUES (2241);
insert into AffinityAssignments (CharacterIndex, AffinityIndex) VALUES (1119, 4); --Sapphire
insert into ExploreCharacters (CharacterIndex, StandieFront, StandieBack, Gender, ModelSize, CreatureType, Movement, Actions, Strength, Armor, Will, Dexterity, Health, Potions) 
VALUES (1119,
'http://htkb.info/SDE/2.0/Cards/Pets/Standies/Miss_G_Snorts_2.0.png', 
'http://htkb.info/SDE/2.0/Cards/Pets/Standies/Miss_G_Snorts_2.0_back.png',
'Either', 'Small', '', 6, 1, '3B', '2ST', '2ST', '2ST', 2, 0);
insert into KeywordAssignments (ExploreCharacterIndex, KeywordIndex) VALUES (787, 742); --Master Gains Poison
insert into KeywordAssignments (ExploreCharacterIndex, KeywordIndex) VALUES (787, 807); --Poison
insert into KeywordAssignments (ExploreCharacterIndex, KeywordIndex) VALUES (787, 902); --Small
insert into AbilityAssignments (ExploreCharacterIndex, AbilityIndex) VALUES (787, 2144); --Stink Beard Bark
insert into OffenseAssignments (ExploreCharacterIndex, AttributeIndex, OffenseRange) VALUES (787, 1, 1); --Strength
insert into DefenseAssignments (ExploreCharacterIndex, AttributeIndex) VALUES (787, 2); --Armor
insert into Pets (ExploreCharacterIndex, Cost, RangeLimit) VALUES (787, 2, 2);

--Pet Demolitions Expert --CardIndex 2242	--CharacterIndex 1120	--ExploreCharacterIndex 788
insert into Cards (Name, PictureFront, PictureBack, Link, CardType, ProductSet, ProductModule, PlayMode, Flavor) VALUES ('Pet Demolitions Expert',
'http://htkb.info/SDE/2.0/Cards/Pets/Card_Pet_Demolitions_Expert_2.0.png', 
'http://htkb.info/SDE/2.0/Cards/Pets/Card_Pet_Demolitions_Expert_2.0_back.png', 
'http://htkb.online/SDWiki/SDE/2.0/Cards/Pets/Demolitions_Expert.xhtml', 
'Pet', '2.0', '2.0 Core Set', 'Default', 
'Accidents are known to happen.');
insert into Characters (CardIndex) VALUES (2242);
insert into AffinityAssignments (CharacterIndex, AffinityIndex) VALUES (1120, 4); --Sapphire
insert into ExploreCharacters (CharacterIndex, StandieFront, StandieBack, Gender, ModelSize, CreatureType, Movement, Actions, Strength, Armor, Will, Dexterity, Health, Potions) 
VALUES (1120,
'http://htkb.info/SDE/2.0/Cards/Pets/Standies/Demolitions_Expert_2.0.png', 
'http://htkb.info/SDE/2.0/Cards/Pets/Standies/Demolitions_Expert_2.0_back.png',
'Either', 'Small', '', 5, 1, '2B', '0ST', '2B', '1B', 1, 0);
insert into KeywordAssignments (ExploreCharacterIndex, KeywordIndex) VALUES (788, 678); --Immune: Knockdown
insert into KeywordAssignments (ExploreCharacterIndex, KeywordIndex) VALUES (788, 680); --Immune: Slow
insert into KeywordAssignments (ExploreCharacterIndex, KeywordIndex) VALUES (788, 709); --Knockdown
insert into KeywordAssignments (ExploreCharacterIndex, KeywordIndex) VALUES (788, 902); --Small
insert into KeywordAssignments (ExploreCharacterIndex, KeywordIndex) VALUES (788, 750); --Master Gains Volatile
insert into KeywordAssignments (ExploreCharacterIndex, KeywordIndex) VALUES (788, 1059); --Volatile
insert into AbilityAssignments (ExploreCharacterIndex, AbilityIndex) VALUES (788, 1340); --Kaboom
insert into OffenseAssignments (ExploreCharacterIndex, AttributeIndex, OffenseRange) VALUES (788, 1, 1); --Strength
insert into DefenseAssignments (ExploreCharacterIndex, AttributeIndex) VALUES (788, 2); --Armor
insert into Pets (ExploreCharacterIndex, Cost, RangeLimit) VALUES (788, 2, 8);

--Scooter --CardIndex 2243	--CharacterIndex 1121	--ExploreCharacterIndex 789
insert into Cards (Name, PictureFront, PictureBack, Link, CardType, ProductSet, ProductModule, PlayMode, Flavor) VALUES (
'Scooter',
'http://htkb.info/SDE/2.0/Cards/Pets/Card_Pet_Scooter_2.0.png', 
'http://htkb.info/SDE/2.0/Cards/Pets/Card_Pet_Scooter_2.0_back.png', 
'http://htkb.online/SDWiki/SDE/2.0/Cards/Pets/Scooter.xhtml', 
'Pet', '2.0', '2.0 Core Set', 'Default', 
'');
insert into Characters (CardIndex) VALUES (2243);
insert into AffinityAssignments (CharacterIndex, AffinityIndex) VALUES (1121, 4); --Sapphire
insert into ExploreCharacters (CharacterIndex, StandieFront, StandieBack, Gender, ModelSize, CreatureType, Movement, Actions, Strength, Armor, Will, Dexterity, Health, Potions) 
VALUES (1121,
'http://htkb.info/SDE/2.0/Cards/Pets/Standies/Scooter_2.0.png', 
'http://htkb.info/SDE/2.0/Cards/Pets/Standies/Scooter_2.0_back.png',
'Either', 'Small', '', 4, 1, '3B', '3R', '0ST', '0ST', 1, 0);
insert into KeywordAssignments (ExploreCharacterIndex, KeywordIndex) VALUES (789, 1022); --Surefoot
insert into KeywordAssignments (ExploreCharacterIndex, KeywordIndex) VALUES (789, 739); --Master Gains: KNOCKDOWN (3)
insert into AbilityAssignments (ExploreCharacterIndex, AbilityIndex) VALUES (789, 2050); --Skuttle
insert into OffenseAssignments (ExploreCharacterIndex, AttributeIndex, OffenseRange) VALUES (789, 1, 1); --Strength
insert into DefenseAssignments (ExploreCharacterIndex, AttributeIndex) VALUES (789, 2); --Armor
insert into Pets (ExploreCharacterIndex, Cost, RangeLimit) VALUES (789, 2, 3);





--2.0.2 
--Booty
--Boo Boody --CardIndex cXXX	--CharacterIndex chXXX	--ExploreCharacterIndex eXXX
--SDE
--2.0.2 
--Creeps


--Loose Cannon --CardIndex 2244	--CharacterIndex 1122	--ExploreCharacterIndex 790
insert into Cards (Name, PictureFront, PictureBack, Link, CardType, ProductSet, ProductModule, PlayMode, Flavor) VALUES (
'Loose Cannon',
'http://htkb.info/SDE/2.0/Cards/Creeps/Card_Creep_Loose_Cannon_2.0.png', 
'http://htkb.info/SDE/2.0/Cards/Creeps/Card_Creep_Loose_Cannon_2.0_back.png', 
'http://htkb.online/SDWiki/SDE/2.0/Cards/Creeps/Loose_Cannon.xhtml', 
'Creep', '2.0', '2.0 Core Set', 'Default', 
'');
insert into Characters (CardIndex) VALUES (2244);
insert into AffinityAssignments (CharacterIndex, AffinityIndex) VALUES (1122, 4); --Sapphire
insert into ExploreCharacters (CharacterIndex, StandieFront, StandieBack, Gender, ModelSize, CreatureType, Movement, Actions, Strength, Armor, Will, Dexterity, Health, Potions) 
VALUES (1122,
'http://htkb.info/SDE/2.0/Cards/Standies/Loose_Cannon_2.0.png', 
'http://htkb.info/SDE/2.0/Cards/Standies/Loose_Cannon_2.0_back.png',
'Neither', 'Small', 'Cannon', 3, 1, '1B', '3ST', '0ST', '2R', 1, 0);
insert into AbilityAssignments (ExploreCharacterIndex, AbilityIndex) VALUES (790, 2074); --Plugged Barrel
insert into OffenseAssignments (ExploreCharacterIndex, AttributeIndex, OffenseRange) VALUES (790, 4, 10); --Dexterity
insert into DefenseAssignments (ExploreCharacterIndex, AttributeIndex) VALUES (790, 2); --Armor
insert into Monsters (ExploreCharacterIndex, RankType, Bits, Skulls) VALUES (790, '', '8 Bit', 1);

--Potion Parrot --CardIndex 2245	--CharacterIndex 1123	--ExploreCharacterIndex 791
insert into Cards (Name, PictureFront, PictureBack, Link, CardType, ProductSet, ProductModule, PlayMode, Flavor) VALUES (
'Potion Parrot',
'http://htkb.info/SDE/2.0/Cards/Creeps/Card_Creep_Potion_Parrot_2.0.png', 
'http://htkb.info/SDE/2.0/Cards/Creeps/Card_Creep_Potion_Parrot_2.0_back.png', 
'http://htkb.online/SDWiki/SDE/2.0/Cards/Creeps/Potion_Parrot.xhtml', 
'Creep', '2.0', '2.0 Core Set', 'Default', 
'');
insert into Characters (CardIndex) VALUES (2245);
insert into AffinityAssignments (CharacterIndex, AffinityIndex) VALUES (1123, 4); --Sapphire
insert into ExploreCharacters (CharacterIndex, StandieFront, StandieBack, Gender, ModelSize, CreatureType, Movement, Actions, Strength, Armor, Will, Dexterity, Health, Potions) 
VALUES (1123,
'http://htkb.info/SDE/2.0/Cards/Standies/Potion_Parrot_2.0.png', 
'http://htkb.info/SDE/2.0/Cards/Standies/Potion_Parrot_2.0_back.png',
'Either', 'Small', 'Parrot', 10, 2, '1B', '3ST', '1B', '3R', 2, 0);
insert into KeywordAssignments (ExploreCharacterIndex, KeywordIndex) VALUES (791, 596); --Fly
insert into KeywordAssignments (ExploreCharacterIndex, KeywordIndex) VALUES (791, 471); --Bonded Creep: Black-Handed Henry
insert into AbilityAssignments (ExploreCharacterIndex, AbilityIndex) VALUES (791, 2245); --Polly Got a Potion
insert into AbilityAssignments (ExploreCharacterIndex, AbilityIndex) VALUES (791, 2073); --Master Got a Potion
insert into OffenseAssignments (ExploreCharacterIndex, AttributeIndex, OffenseRange) VALUES (791, 4, 1); --Dexterity
insert into DefenseAssignments (ExploreCharacterIndex, AttributeIndex) VALUES (791, 2); --Armor
insert into Monsters (ExploreCharacterIndex, RankType, Bits, Skulls) VALUES (791, '', '8 Bit', 1);





--SDE
--2.0.2 
--MiniBoss


--Jolly Sparrow --CardIndex 2246	--CharacterIndex 1124	--ExploreCharacterIndex 792
insert into Cards (Name, PictureFront, PictureBack, Link, CardType, ProductSet, ProductModule, PlayMode, Flavor) VALUES (
'Jolly Sparrow',
'http:/htkb.info/SDE/2.0/Cards/Minibosses/Card_Miniboss_Jolly_Sparrow_2.0.png', 
'http:/htkb.info/SDE/2.0/Cards/Minibosses/Card_Miniboss_Jolly_Sparrow_2.0_back.png', 
'http:/htkb.online/SDWiki/SDE/2.0/Cards/Minibosses/Jolly_Sparrow.xhtml', 
'Miniboss', '2.0', '2.0 Core Set', 'Explore',
'He''s not really the Jolly Sparrow.  He inherited the title from Jolly Sparrow, who was not the real Jolly Sparrow either.  The real Jolly Sparrow retired 15 years ago and is living like a king in Yuyang.');
insert into Characters (CardIndex) VALUES (2246);
insert into AffinityAssignments (CharacterIndex, AffinityIndex) VALUES (1124, 4); --Sapphire
insert into ExploreCharacters (CharacterIndex, StandieFront, StandieBack, Gender, ModelSize, CreatureType, Movement, Actions, Strength, Armor, Will, Dexterity, Health, Potions) 
VALUES (1124,
'http:/htkb.info/SDE/2.0/Cards/Standies/Jolly_Sparrow.png', 
'http:/htkb.info/SDE/2.0/Cards/Standies/Jolly_Sparrow_back.png', 
'Masculine', 'Small', 'Human Pirate', 6, 3, '3R', '1B 2R', '3B', '1B 2R', 7, 0);
insert into KeywordAssignments (ExploreCharacterIndex, KeywordIndex) VALUES (792, 1111); --Greed
insert into KeywordAssignments (ExploreCharacterIndex, KeywordIndex) VALUES (792, 794); --Parry
insert into AbilityAssignments (ExploreCharacterIndex, AbilityIndex) VALUES (792, 1087); --Extra Powder
insert into AbilityAssignments (ExploreCharacterIndex, AbilityIndex) VALUES (792, 2030); --Flash of Blades
insert into AbilityAssignments (ExploreCharacterIndex, AbilityIndex) VALUES (792, 2023); --Double Cross
insert into AbilityAssignments (ExploreCharacterIndex, AbilityIndex) VALUES (792, 2066); --Boarding Action
insert into OffenseAssignments (ExploreCharacterIndex, AttributeIndex, OffenseRange) VALUES (792, 1, 2); --Strength
insert into OffenseAssignments (ExploreCharacterIndex, AttributeIndex, OffenseRange) VALUES (792, 4, 6); --Dexterity
insert into DefenseAssignments (ExploreCharacterIndex, AttributeIndex) VALUES (792, 2); --Armor
insert into Monsters (ExploreCharacterIndex, RankType, Bits, Skulls) VALUES (792, 'Miniboss', 'Super', 4);--SDE
--2.0.2 
--Bosses


--Black-Handed Henry --CardIndex 2247 --CharacterIndex 1125 --ExploreCharacterIndex 793
insert into Cards (Name, PictureFront, PictureBack, Link, CardType, ProductSet, ProductModule, PlayMode, Flavor) VALUES (
'Black-Handed Henry',
'http://htkb.info/SDE/2.0/Cards/Bosses/Card_Boss_Black_Handed_Henry_2.0.png', 
'http://htkb.info/SDE/2.0/Cards/Bosses/Card_Boss_Black_Handed_Henry_2.0_back.png', 
'http://htkb.online/SDWiki/SDE/2.0/Cards/Bosses/Black_Handed_Henry.xhtml', 
'Boss', '2.0 Devil''s Island', '2.0 Devil''s Island', 'Explore',
'Arrrghhh.  I''ll take yer crowns, but I''ll be needing those blueberries first.');
insert into Characters (CardIndex) VALUES (2247);
insert into AffinityAssignments (CharacterIndex, AffinityIndex) VALUES (1125, 4); --Sapphire
insert into ExploreCharacters (CharacterIndex, StandieFront, StandieBack, Gender, ModelSize, CreatureType, Movement, Actions, Strength, Armor, Will, Dexterity, Health, Potions) 
VALUES (1125,
'http://htkb.info/SDE/2.0/Cards/Bosses/Standies/Black_Handed_Henry_2.0.png', 
'http://htkb.info/SDE/2.0/Cards/Bosses/Standies/Black_Handed_Henry_2.0_back.png', 
'Masculine', 'Small', 'Dwarf Pirate', 6, 4, '2R', '3R', '2R', '4B 1G', 8, 2);
insert into KeywordAssignments (ExploreCharacterIndex, KeywordIndex) VALUES (793, 814); --Potion Stash 2
insert into KeywordAssignments (ExploreCharacterIndex, KeywordIndex) VALUES (793, 1119); --Potion Pirate
insert into AbilityAssignments (ExploreCharacterIndex, AbilityIndex) VALUES (793, 1087); --Extra Powder
insert into AbilityAssignments (ExploreCharacterIndex, AbilityIndex) VALUES (793, 2075); --Man The Cannons!  Extra Shot!
insert into AbilityAssignments (ExploreCharacterIndex, AbilityIndex) VALUES (793, 2076); --New Brew
insert into AbilityAssignments (ExploreCharacterIndex, AbilityIndex) VALUES (793, 2077); --Feathered Friend
insert into AbilityAssignments (ExploreCharacterIndex, AbilityIndex) VALUES (793, 2078); --Soul Jar
insert into OffenseAssignments (ExploreCharacterIndex, AttributeIndex, OffenseRange) VALUES (793, 1, 2); --Strength
insert into OffenseAssignments (ExploreCharacterIndex, AttributeIndex, OffenseRange) VALUES (793, 4, 6); --Dexterity
insert into DefenseAssignments (ExploreCharacterIndex, AttributeIndex) VALUES (793, 2); --Armor
insert into Monsters (ExploreCharacterIndex, RankType, Bits, Skulls) VALUES (793, 'Boss', 'Super', 4);--SDE
--2.0.2 
--Warband Monsters


--Crow's Nest
--Crow's Nest --CardIndex 2248 --CharacterIndex 1126 --ExploreCharacterIndex 794
insert into Cards (Name, PictureFront, PictureBack, Link, CardType, ProductSet, ProductModule, PlayMode, Flavor) VALUES (
'Crow''s Nest',
'http://htkb.info/SDE/2.0/Cards/Warbands/Crows_Nest/Card_Warband_Crows_Nest_2.0.png', 
'http://htkb.info/SDE/2.0/Cards/Warbands/Crows_Nest/Card_Warband_Crows_Nest_2.0_back.png', 
'http://htkb.online/SDWiki/SDE/2.0/Cards/Warbands/Crows_Nest/Crows_Nest.xhtml', 
'Warband', '2.0', '2.0 Core Set', 'Explore',
'The pirate ship crews that sail from the Drowned Isle are a colorful assortment of misfits, adventurers, cutthroats, and madmen.  Each must only swear to abide by their captain''s code of conduct and, when upon the isles themselves, that a various lokals'' mayors.<br>The close proximity of the Glauerdoom means the isles have an unnaturally high number of undead (in as much as the undead can be considered natural).  A surprising number of these have maintained their free will.  Those who do not wish to become servant soldiers in Von Drakk''s armies often find their way here, one of the few places where they can find some form of acceptance, work, and notoriety.');
insert into Characters (CardIndex) VALUES (2248); 
insert into AffinityAssignments (CharacterIndex, AffinityIndex) VALUES (1126, 4); --Sapphire
insert into ExploreCharacters (CharacterIndex, StandieFront, StandieBack, Gender, ModelSize, CreatureType, Movement, Actions, Strength, Armor, Will, Dexterity, Health, Potions) 
VALUES (1126,
'http://htkb.info/SDE/2.0/Cards/Warbands/Crows_Nest/Standies/Crows_Nest_2.0.png', 
'http://htkb.info/SDE/2.0/Cards/Warbands/Crows_Nest/Standies/Crows_Nest_2.0_back.png', 
'Neither', 'Small', 'Spawning Point', 0, 0, '', '1ST', '', '', 3, 0);
insert into KeywordAssignments (ExploreCharacterIndex, KeywordIndex) VALUES (794, 681); --Immune: Status Effects
insert into KeywordAssignments (ExploreCharacterIndex, KeywordIndex) VALUES (794, 1120); --A Curse On You!
insert into KeywordAssignments (ExploreCharacterIndex, KeywordIndex) VALUES (794, 1121); --Spawning Pool
insert into DefenseAssignments (ExploreCharacterIndex, AttributeIndex) VALUES (794, 2); --Armor 
insert into Monsters (ExploreCharacterIndex, RankType, Bits, Skulls) VALUES (794, 'Spawning Point', 'Start', 0);

--Bosun --CardIndex 2249 --CharacterIndex 1127 --ExploreCharacterIndex 795
insert into Cards (Name, PictureFront, PictureBack, Link, CardType, ProductSet, ProductModule, PlayMode, Flavor) VALUES (
'Bosun',
'http://htkb.info/SDE/2.0/Cards/Warbands/Crows_Nest/Card_Warband_Crows_Nest_Bosun_2.0.png', 
'http://htkb.info/SDE/2.0/Cards/Warbands/Crows_Nest/Card_Warband_Crows_Nest_Bosun_2.0_back.png', 
'http://htkb.online/SDWiki/SDE/2.0/Cards/Warbands/Crows_Nest/Bosun.xhtml', 
'Warband', '2.0', '2.0 Core Set', 'Explore',
'Charged with keeping the rest of the crew orderly and under control, a good Bosun is arguably the most valuable member of any crew.  The unique nature of the Drowned Isles require their Bosuns to be particularly skilled and ruthless.  The best even know a necromantic incantation or three to keep their undead crew members fighting fit.');
insert into Characters (CardIndex) VALUES (2249);
insert into AffinityAssignments (CharacterIndex, AffinityIndex) VALUES (1127, 4); --Sapphire
insert into ExploreCharacters (CharacterIndex, StandieFront, StandieBack, Gender, ModelSize, CreatureType, Movement, Actions, Strength, Armor, Will, Dexterity, Health, Potions) 
VALUES (1127,
'http://htkb.info/SDE/2.0/Cards/Warbands/Crows_Nest/Standies/Bosun_2.0.png', 
'http://htkb.info/SDE/2.0/Cards/Warbands/Crows_Nest/Standies/Bosun_2.0_back.png', 
'Masculine', 'Small', 'Human Pirate', 6, 3, '2B 1R', '2ST', '3B', '3B', 3, 0);
insert into KeywordAssignments (ExploreCharacterIndex, KeywordIndex) VALUES (795, 1122); --Cursed Crown
insert into KeywordAssignments (ExploreCharacterIndex, KeywordIndex) VALUES (795, 1111); --Greed
insert into AbilityAssignments (ExploreCharacterIndex, AbilityIndex) VALUES (795, 1087); --Extra Powder
insert into AbilityAssignments (ExploreCharacterIndex, AbilityIndex) VALUES (795, 2079); --All Hands On Deck!
insert into OffenseAssignments (ExploreCharacterIndex, AttributeIndex, OffenseRange) VALUES (795, 1, 1); --Strength
insert into OffenseAssignments (ExploreCharacterIndex, AttributeIndex, OffenseRange) VALUES (795, 4, 6); --Dexterity
insert into DefenseAssignments (ExploreCharacterIndex, AttributeIndex) VALUES (795, 2); --Armor 
insert into Monsters (ExploreCharacterIndex, RankType, Bits, Skulls) VALUES (795, 'Elite', '16 Bit', 3);

--Cursed Pirate --CardIndex 2250 --CharacterIndex 1128 --ExploreCharacterIndex 796
insert into Cards (Name, PictureFront, PictureBack, Link, CardType, ProductSet, ProductModule, PlayMode, Flavor) VALUES (
'Cursed Pirate',
'http://htkb.info/SDE/2.0/Cards/Warbands/Crows_Nest/Card_Warband_Crows_Nest_Cursed_Pirate_2.0.png', 
'http://htkb.info/SDE/2.0/Cards/Warbands/Crows_Nest/Card_Warband_Crows_Nest_Cursed_Pirate_2.0_back.png', 
'http://htkb.online/SDWiki/SDE/2.0/Cards/Warbands/Crows_Nest/Cursed_Pirate.xhtml', 
'Warband', '2.0', '2.0 Core Set', 'Explore',
'Of the many denizens of Crystalia which have fallen to tragic curses, Cursed Pirates are not ones for whom a single tear should be shed.  Born from their own greed, avarice, and gleefully anarchic creeds, it is debatable whether these pirates actually see themselves as cursed at all.');
insert into Characters (CardIndex) VALUES (2250); 
insert into AffinityAssignments (CharacterIndex, AffinityIndex) VALUES (1128, 4); --Sapphire
insert into ExploreCharacters (CharacterIndex, StandieFront, StandieBack, Gender, ModelSize, CreatureType, Movement, Actions, Strength, Armor, Will, Dexterity, Health, Potions) 
VALUES (1128,
'http://htkb.info/SDE/2.0/Cards/Warbands/Crows_Nest/Standies/Cursed_Pirate_2.0.png', 
'http://htkb.info/SDE/2.0/Cards/Warbands/Crows_Nest/Standies/Cursed_Pirate_2.0_back.png', 
'Masculine', 'Small', 'Human Pirate', 6, 1, '2R', '0ST', '3B', '3B', 1, 0);
insert into KeywordAssignments (ExploreCharacterIndex, KeywordIndex) VALUES (796, 1122); --Cursed Crown
insert into KeywordAssignments (ExploreCharacterIndex, KeywordIndex) VALUES (796, 1111); --Greed
insert into OffenseAssignments (ExploreCharacterIndex, AttributeIndex, OffenseRange) VALUES (796, 1, 1); --Strength
insert into OffenseAssignments (ExploreCharacterIndex, AttributeIndex, OffenseRange) VALUES (796, 4, 6); --Dexterity
insert into DefenseAssignments (ExploreCharacterIndex, AttributeIndex) VALUES (796, 2); --Armor 
insert into Monsters (ExploreCharacterIndex, RankType, Bits, Skulls) VALUES (796, '', '8 Bit', 2);

--The Walking Cursed --CardIndex 2251 --CharacterIndex 1129 --ExploreCharacterIndex 797
insert into Cards (Name, PictureFront, PictureBack, Link, CardType, ProductSet, ProductModule, PlayMode, Flavor) VALUES (
'Walking Cursed, The',
'http://htkb.info/SDE/2.0/Cards/Warbands/Crows_Nest/Card_Warband_Crows_Nest_Walking_Cursed_The_2.0.png', 
'http://htkb.info/SDE/2.0/Cards/Warbands/Crows_Nest/Card_Warband_Crows_Nest_Walking_Cursed_The_2.0_back.png', 
'http://htkb.online/SDWiki/SDE/2.0/Cards/Warbands/Crows_Nest/Walking_Cursed_The.xhtml', 
'Warband', '2.0', '2.0 Core Set', 'Explore',
'The Walking Cursed have succumbed to death and now fully experience the consequences of their cursed existence.  While the newly dead retain all of their living traits and personalities, time slowly erodes their souls until little of the spark that once made them who they are remains.  So you can maybe feel bad for these particular cursed pirates.');
insert into Characters (CardIndex) VALUES (2251); 
insert into AffinityAssignments (CharacterIndex, AffinityIndex) VALUES (1129, 4); --Sapphire
insert into ExploreCharacters (CharacterIndex, StandieFront, StandieBack, Gender, ModelSize, CreatureType, Movement, Actions, Strength, Armor, Will, Dexterity, Health, Potions) 
VALUES (1129,
'http://htkb.info/SDE/2.0/Cards/Warbands/Crows_Nest/Standies/Walking_Cursed_The_2.0.png', 
'http://htkb.info/SDE/2.0/Cards/Warbands/Crows_Nest/Standies/Walking_Cursed_The_2.0_back.png', 
'Either', 'Small', 'Undead Pirate', 4, 1, '3B', '0ST', '0ST', '0ST', 2, 0);
insert into KeywordAssignments (ExploreCharacterIndex, KeywordIndex) VALUES (797, 1111); --Greed
insert into OffenseAssignments (ExploreCharacterIndex, AttributeIndex, OffenseRange) VALUES (797, 1, 1); --Strength
insert into OffenseAssignments (ExploreCharacterIndex, AttributeIndex, OffenseRange) VALUES (797, 4, 4); --Dexterity
insert into DefenseAssignments (ExploreCharacterIndex, AttributeIndex) VALUES (797, 2); --Armor 
insert into Monsters (ExploreCharacterIndex, RankType, Bits, Skulls) VALUES (797, '', '8 Bit', 1); 

--2.0.2 
--Arcade Booty
--Boody Biter	--CardIndex cXXX	--CharacterIndex chXXX	--ArcadeCharacterIndex arXXX
--SDE
--2.0.2 
--Arcade Creeps


--Kabomb 	--CardIndex 2252	--CharacterIndex 1130	--ArcadeCharacterIndex 798
insert into Cards (Name, PictureFront, PictureBack, Link, CardType, ProductSet, ProductModule, PlayMode, Flavor) VALUES (
'Kabomb',
'http://htkb.info/SDE/2.0/Cards/Arcade/Creeps/Card_Arcade_Creep_Kabomb_2.0.png', 
'http://htkb.info/SDE/2.0/Cards/Arcade/Creeps/Card_Arcade_Creep_Kabomb_2.0_back.png', 
'http://htkb.online/SDWiki/SDE/2.0/Arcade/Cards/Creeps/Kabomb.xhtml', 
'Creep', '2.0', '2.0 Core Set', 'Arcade', 
'');
insert into Characters (CardIndex) VALUES (2252);
insert into ArcadeCharacters (CharacterIndex, SoloStatLineIndex, GangStatLineIndex) 
VALUES (1130, 241, 362);
insert into AffinityAssignments (CharacterIndex, AffinityIndex) VALUES (1130, 3); --Ruby
--GangMemberIndex 868
insert into GangMembers (ArcadeCharacterIndex, MemberOrder, Name, CreatureType, RankType, MemberMovement, MemberHealth, MemberArmor, ExploreCharacterIndex)
VALUES (798, 0, 'Kabomb', 'Construct', 'Creep', 7, 1, 1, 496);
insert into KeywordAssignments (GangMemberIndex, KeywordIndex) VALUES (868, 1105); --Bouncing Betty
insert into KeywordAssignments (GangMemberIndex, KeywordIndex) VALUES (868, 692); --Insignificant
insert into KeywordAssignments (GangMemberIndex, KeywordIndex) VALUES (868, 1115); --Volatile

--Loose Cannon	--CardIndex 2253	--CharacterIndex 1131	--ArcadeCharacterIndex 799
insert into Cards (Name, PictureFront, PictureBack, Link, CardType, ProductSet, ProductModule, PlayMode, Flavor) VALUES (
'Loose Cannon',
'http://htkb.info/SDE/2.0/Cards/Arcade/Creeps/Card_Arcade_Creep_Loose_Cannon_2.0.png', 
'http://htkb.info/SDE/2.0/Cards/Arcade/Creeps/Card_Arcade_Creep_Loose_Cannon_2.0_back.png', 
'http://htkb.online/SDWiki/SDE/2.0/Cards/Arcade/Creeps/Loose_Cannon.xhtml', 
'Creep', '2.0', '2.0 Core Set', 'Default', 
'While Henry''s inventive mind excels at potions, he also has a knack for artifice.  Not surprisingly this knack is often applied to the art of potion making, storing, shaking, and, as in the case of the Loose Cannon -- delivery.  Specifically, the delivery of highly explosive and volatile potion filled munitions.');
insert into Characters (CardIndex) VALUES (2253);
insert into ArcadeCharacters (CharacterIndex, SoloStatLineIndex, GangStatLineIndex) 
VALUES (1131, 170, -1);
insert into AffinityAssignments (CharacterIndex, AffinityIndex) VALUES (1131, 4); --Sapphire
--GangMemberIndex 869
insert into GangMembers (ArcadeCharacterIndex, MemberOrder, Name, CreatureType, RankType, MemberMovement, MemberHealth, MemberArmor, ExploreCharacterIndex)
VALUES (799, 0, 'Loose Cannon', 'Cannon', 'Creep', 3, 1, 3, 790);
insert into AbilityAssignments (GangMemberIndex, AbilityIndex) VALUES (869, 2246); --Plugged Barrel

--Potion Parrot	--CardIndex 2254	--CharacterIndex 1132	--ArcadeCharacterIndex 800
insert into Cards (Name, PictureFront, PictureBack, Link, CardType, ProductSet, ProductModule, PlayMode, Flavor) VALUES (
'Potion Parrot',
'http://htkb.info/SDE/2.0/Cards/Arcade/Creeps/Card_Arcade_Creep_Potion_Parrot_2.0.png', 
'http://htkb.info/SDE/2.0/Cards/Arcade/Creeps/Card_Arcade_Creep_Potion_Parrot_2.0_back.png', 
'http://htkb.online/SDWiki/SDE/2.0/Cards/Arcade/Creeps/Potion_Parrot.xhtml', 
'Creep', '2.0', '2.0 Core Set', 'Default', 
'No.  I do not want a cracker, thank you very much.  And I speak perfectly fine.  In fact, I dare say, my time at the Royal Academy makes my grasp of language far better than yours.');
insert into Characters (CardIndex) VALUES (2254);
insert into ArcadeCharacters (CharacterIndex, SoloStatLineIndex, GangStatLineIndex) 
VALUES (1132, 151, -1);
insert into AffinityAssignments (CharacterIndex, AffinityIndex) VALUES (1132, 4); --Sapphire
--GangMemberIndex 870
insert into GangMembers (ArcadeCharacterIndex, MemberOrder, Name, CreatureType, RankType, MemberMovement, MemberHealth, MemberArmor, ExploreCharacterIndex)
VALUES (800, 0, 'Potion Parrot', 'Parrot', 'Creep', 10, 2, 3, 791);
insert into KeywordAssignments (GangMemberIndex, KeywordIndex) VALUES (870, 453); --Bane
insert into AbilityAssignments (GangMemberIndex, AbilityIndex) VALUES (870, 2247); --Polly Wants a Potion









--SDE
--2.0.2 
--MiniBosses


--Jolly Sparrow	--CardIndex 2255	--CharacterIndex 1133	--ArcadeCharacterIndex 801
insert into Cards (Name, PictureFront, PictureBack, Link, CardType, ProductSet, ProductModule, PlayMode, Flavor) VALUES (
'Jolly Sparrow',
'http:/htkb.info/SDE/2.0/Cards/Arcade/MiniBosses/Card_Arcade_MiniBoss_Jolly_Sparrow_2.0.png', 
'http:/htkb.info/SDE/2.0/Cards/Arcade/MiniBosses/Card_Arcade_MiniBoss_Jolly_Sparrow_2.0_back.png', 
'http:/htkb.online/SDWiki/SDE/2.0/Cards/Arcade/MiniBosses/Jolly_Sparrow.xhtml', 
'MiniBoss', '2.0', '2.0 Core Set', 'Default', 
'He''s not really the Jolly Sparrow.  He inherited the title from Jolly Sparrow, who was not the real Jolly Sparrow either.  The real Jolly Sparrow retired 15 years ago and is living like a king in Yuyang.');
insert into Characters (CardIndex) VALUES (2255);
insert into ArcadeCharacters (CharacterIndex, SoloStatLineIndex, GangStatLineIndex) 
VALUES (1133, 376, -1);
insert into AffinityAssignments (CharacterIndex, AffinityIndex) VALUES (1133, 4); --Sapphire
--GangMemberIndex 871
insert into GangMembers (ArcadeCharacterIndex, MemberOrder, Name, CreatureType, RankType, MemberMovement, MemberHealth, MemberArmor, ExploreCharacterIndex)
VALUES (801, 0, 'Jolly Sparrow', 'Human Pirate', 'MiniBoss', 6, 7, 3, 792);
insert into KeywordAssignments (GangMemberIndex, KeywordIndex) VALUES (871, 1167); --Greed
insert into KeywordAssignments (GangMemberIndex, KeywordIndex) VALUES (871, 794); --Parry
insert into AbilityAssignments (GangMemberIndex, AbilityIndex) VALUES (871, 1086); --Extra Powder
insert into AbilityAssignments (GangMemberIndex, AbilityIndex) VALUES (871, 2024); --Double Cross
insert into AbilityAssignments (GangMemberIndex, AbilityIndex) VALUES (871, 2248); --Boarding Action
--SDE
--2.0.2
--Bosses


--Black-Handed Henry	--CardIndex 2256	--CharacterIndex 1134	--ArcadeCharacterIndex 802
insert into Cards (Name, PictureFront, PictureBack, Link, CardType, ProductSet, ProductModule, PlayMode, Flavor) VALUES (
'Black-Handed Henry',
'http://htkb.info/SDE/2.0/Cards/Arcade/Bosses/Card_Arcade_Boss_Black_Handed_Henry_2.0.png', 
'http://htkb.info/SDE/2.0/Cards/Arcade/Bosses/Card_Arcade_Boss_Black_Handed_Henry_2.0_back.png', 
'http://htkb.online/SDWiki/SDE/2.0/Cards/Arcade/Bosses/Black_Handed_Henry.xhtml', 
'Boss', '2.0', '2.0 Core Set', 'Default', 
'Arrrghhh.  I''ll take yer crowns, but I''ll be needing those blueberries first.');
insert into Characters (CardIndex) VALUES (2256);
insert into ArcadeCharacters (CharacterIndex, SoloStatLineIndex, GangStatLineIndex) 
VALUES (1134, 496, -1);
insert into AffinityAssignments (CharacterIndex, AffinityIndex) VALUES (1134, 4); --Sapphire
--GangMemberIndex 872
insert into GangMembers (ArcadeCharacterIndex, MemberOrder, Name, CreatureType, RankType, MemberMovement, MemberHealth, MemberArmor, ExploreCharacterIndex)
VALUES (802, 0, 'Black-Handed Henry', 'Dwarf Pirate', 'Boss', 6, 9, 4, 793);
insert into KeywordAssignments (GangMemberIndex, KeywordIndex) VALUES (872, 2076); --New Brew
insert into KeywordAssignments (GangMemberIndex, KeywordIndex) VALUES (872, 1166); --Here Polly
insert into AbilityAssignments (GangMemberIndex, AbilityIndex) VALUES (872, 2075); --Man The Cannons!  Extra Shot!
insert into AbilityAssignments (GangMemberIndex, AbilityIndex) VALUES (872, 1086); --Extra Powder
insert into AbilityAssignments (GangMemberIndex, AbilityIndex) VALUES (872, 2078); --Soul Jar--SDE
--2.0.2 
--Warband Gangs


--Crow's Nest
--Crow's Nest --CardIndex 2257	--CharacterIndex 1135	--ArcadeCharacterIndex 803
insert into Cards (Name, PictureFront, PictureBack, Link, CardType, ProductSet, ProductModule, PlayMode, Flavor) VALUES (
'Crow''s Nest',
'http:/htkb.info/SDE/2.0/Cards/Arcade/Warbands/Crows_Nest/Card_Arcade_Warband_Crows_Nest_2.0.png', 
'http:/htkb.info/SDE/2.0/Cards/Arcade/Warbands/Crows_Nest/Card_Arcade_Warband_Crows_Nest_2.0_back.png', 
'http:/htkb.online/SDWiki/SDE/2.0/Cards/Arcade/Warbands/Crows_Nest/Crows_Nest.xhtml', 
'Arcade Gang', '2.0', '2.0 Core Set', 'Default', 
'The pirate ship crews that sail from the Drowned Isle are a colorful assortment of misfits, adventurers, cutthroats, and madmen.  Each must only swear to abide by their captain''s code of conduct and, when upon the isles themselves, that a various lokals'' mayors.<br>The close proximity of the Glauerdoom means the isles have an unnaturally high number of undead (in as much as the undead can be considered natural).  A surprising number of these have maintained their free will.  Those who do not wish to become servant soldiers in Von Drakk''s armies often find their way here, one of the few places where they can find some form of acceptance, work, and notoriety.');
insert into Characters (CardIndex) VALUES (2257);
insert into ArcadeCharacters (CharacterIndex, SoloStatLineIndex, GangStatLineIndex) 
VALUES (1135, 0, -1);
insert into AffinityAssignments (CharacterIndex, AffinityIndex) VALUES (1135, 4); --Sapphire
--GangMemberIndex 873
insert into GangMembers (ArcadeCharacterIndex, MemberOrder, Name, CreatureType, RankType, MemberMovement, MemberHealth, MemberArmor, ExploreCharacterIndex)
VALUES (803, 0, 'Crow''s Nest', 'Spawning Point', '', 0, 3, 1, 794);
insert into KeywordAssignments (GangMemberIndex, KeywordIndex) VALUES (873, 681); --Immune: Status Effects
insert into KeywordAssignments (GangMemberIndex, KeywordIndex) VALUES (873, 1120); --A Curse On You!
insert into KeywordAssignments (GangMemberIndex, KeywordIndex) VALUES (873, 1123); --Spawning Pool

--The Lost Souls	--CardIndex 2258	--CharacterIndex 1136	--ArcadeCharacterIndex 804
insert into Cards (Name, PictureFront, PictureBack, Link, CardType, ProductSet, ProductModule, PlayMode, Flavor) VALUES (
'Lost Souls, The',
'http:/htkb.info/SDE/2.0/Cards/Arcade/Warbands/Crows_Nest/Card_Arcade_Warband_Crows_Nest_Lost_Souls_The_2.0.png', 
'http:/htkb.info/SDE/2.0/Cards/Arcade/Warbands/Crows_Nest/Card_Arcade_Warband_Crows_Nest_Lost_Souls_The_2.0_back.png', 
'http:/htkb.online/SDWiki/SDE/2.0/Cards/Arcade/Warbands/Crows_Nest/Lost_Souls_The.xhtml', 
'Warband', '2.0', '2.0 Core Set', 'Default', 
'Oh, ''twas broadside to brodside a long time we lay,<br>Blow high, blow low, and so sailed we;<br>Until the Black Hand shot the merchant masts away,<br>"Oh, quarter, Oh, quarter," those sailors then did cry,<br>Blow high, blow low, and so sailed we;<br>But the quarter that we gave them --<br>we sunk them in the sea,');
insert into Characters (CardIndex) VALUES (2258);
insert into ArcadeCharacters (CharacterIndex, SoloStatLineIndex, GangStatLineIndex) 
VALUES (1136, 352, 586);
insert into AffinityAssignments (CharacterIndex, AffinityIndex) VALUES (1136, 4); --Sapphire
--GangMemberIndex 874
insert into GangMembers (ArcadeCharacterIndex, MemberOrder, Name, CreatureType, RankType, MemberMovement, MemberHealth, MemberArmor, ExploreCharacterIndex)
VALUES (804, 0, 'Bosun', 'Human Pirate', '', 6, 2, 1, 795);
insert into KeywordAssignments (GangMemberIndex, KeywordIndex) VALUES (874, 1171); --Greed
insert into AbilityAssignments (GangMemberIndex, AbilityIndex) VALUES (874, 1086); --Extra Powder
--GangMemberIndex 875
insert into GangMembers (ArcadeCharacterIndex, MemberOrder, Name, CreatureType, RankType, MemberMovement, MemberHealth, MemberArmor, ExploreCharacterIndex)
VALUES (804, 1, 'Cursed Pirate', 'Human Pirate', '', 6, 1, 0, 796);
insert into KeywordAssignments (GangMemberIndex, KeywordIndex) VALUES (875, 1122); --Cursed Crown
--GangMemberIndex 876
insert into GangMembers (ArcadeCharacterIndex, MemberOrder, Name, CreatureType, RankType, MemberMovement, MemberHealth, MemberArmor, ExploreCharacterIndex)
VALUES (804, 1, 'Walking Cursed, The', 'Undead Pirate', '', 6, 1, 0, 797);

--SDE
--2.0.2 
--Boss Spawns


--Black-Handed Henry     --CardIndex 2259   --BossSpawnIndex 32
insert into Cards (Name, PictureFront, PictureBack, Link, CardType, ProductSet, ProductModule, PlayMode, Flavor) VALUES (
'Black-Handed Henry', 
'http://htkb.info/SDE/2.0/Cards/Boss_Spawns/Card_Boss_Spawn_Black_Handed_Henry_2.0.png', 
'http://htkb.info/SDE/2.0/Cards/Boss_Spawns/Card_Boss_Spawn_Black_Handed_Henry_2.0_back.png',
'http://htkb.online/SDWiki/SDE/2.0/Cards/Boss_Spawns/Black_Handed_Henry.xhtml', 
'Boss Spawn', '2.0', '2.0 Core Set', 'Default',   
'Henry was always far happier buried in the back corner of Areals'' alchemical shops.  Soon he was experimenting with forbidden concoctions in search of evermore powerful potions.  Scolded by his mentors, he realized they did not share his Ultimate Potion Vision(TM) and decided to set off on his own journey of potion discovery.<br><br>Unfortunately, potion ingredients are expensive--really expensive.  So he shipped aboard the first vessel he came across to earn some crowns.  His nose ever-buired in his potion recipes, it was not until the first cannon shots were fired that he realized he''d signed on to the pirate''s life.<br><br>In that first chaotic melee, tossing and swilling potions with abandon, Henry discovered his true calling as a piratical potion master.  He''s never looked back since.');
insert into BossSpawns (CardIndex, DungeonEffect, BossSpawnEffect, TimeoutEffect, DifficultyRating) 
VALUES (2259, '',
'Here Polly:  Spawn a Potion Parrot within 3 squares of the dungeon boss.  Then spawn Loose Cannons anywhere in the dungeon until there are four in play.', 
'Cannons On Deck!:  Spawn Loose Cannons anywhere in the dungeon until there are four in play.',
'');
insert into BossSpawnAssignments (BossSpawnIndex, CharacterIndex) VALUES (32, 1125); --Black-Handed Henry: Explore
insert into BossSpawnAssignments (BossSpawnIndex, CharacterIndex) VALUES (32, 1134); --Black-Handed Henry: Arcade
--insert into KeywordAssignments (BossSpawnIndex, KeywordIndex) VALUES (32, 1156); --Here Polly
--insert into KeywordAssignments (BossSpawnIndex, KeywordIndex) VALUES (32, kXXX); --Cannons On Deck!--SDE
--2.0.2 
--Equipment


--Cannon Ball --CardIndex 2260 --EquipmentIndex 777
insert into Cards (Name, PictureFront, PictureBack, Link, CardType, ProductSet, ProductModule, PlayMode, Flavor) VALUES (
'Cannon Ball',
'http://htkb.info/SDE/2.0/Cards/Treasure/Specific/Card_Treasure_Cannon_Ball_2.0.png', 
'http://htkb.info/SDE/2.0/Cards/Treasure/Specific/Card_Treasure_Cannon_Ball_2.0_back.png',
'http://htkb.online/SDWiki/SDE/2.0/Cards/Treasure/Specific/Cannon_Ball.xhtml', 
'Treasure', '2.0', '2.0 Core Set', 'Default',
'');
insert into Equipment (CardIndex, EquipmentType, Position, Effect) VALUES (2260, 'Character Treasure', 'Right', '+1G DEX');
insert into AbilityAssignments (EquipmentIndex, AbilityIndex) VALUES (777, 1087); --Extra Powder
insert into EquipmentAssignments (EquipmentIndex, CharacterIndex) VALUES (777, 1125); --Black-Handed Henry: Explore
insert into EquipmentAssignments (EquipmentIndex, CharacterIndex) VALUES (777, 1134); --Black-Handed Henry: Arcade

--Colo --CardIndex 2261 --EquipmentIndex 778
insert into Cards (Name, PictureFront, PictureBack, Link, CardType, ProductSet, ProductModule, PlayMode, Flavor) VALUES (
'Colo',
'http://htkb.info/SDE/2.0/Cards/Treasure/Specific/Card_Familiar_Colo_2.0.png', 
'http://htkb.info/SDE/2.0/Cards/Treasure/Specific/Card_Familiar_Colo_2.0_back.png',
'http://htkb.online/SDWiki/SDE/2.0/Cards/Treasure/Familiar/Colo.xhtml', 
'Loot', '2.0', '2.0 Core Set', 'Default',
'What are you laughing at fuzzball?');
insert into Equipment (CardIndex, EquipmentType, Position, Effect) VALUES (2261, 'Character Loot', 'Top', '');
insert into KeywordAssignments (EquipmentIndex, KeywordIndex) VALUES (778, 1109); --Familiar
insert into KeywordAssignments (EquipmentIndex, KeywordIndex) VALUES (778, 1113); --Smuggler
insert into AbilityAssignments (EquipmentIndex, AbilityIndex) VALUES (778, 2048); --Shoot First
insert into AbilityAssignments (EquipmentIndex, AbilityIndex) VALUES (778, 2034); --I Know
insert into EquipmentAssignments (EquipmentIndex, CharacterIndex) VALUES (778, 1107); --Cheeto

--Cutlass --CardIndex 2262 --EquipmentIndex 779
insert into Cards (Name, PictureFront, PictureBack, Link, CardType, ProductSet, ProductModule, PlayMode, Flavor) VALUES (
'Cutlass',
'http://htkb.info/SDE/2.0/Cards/Treasure/Specific/Card_Treasure_Cutlass_2.0.png', 
'http://htkb.info/SDE/2.0/Cards/Treasure/Specific/Card_Treasure_Cutlass_2.0_back.png',
'http://htkb.online/SDWiki/SDE/2.0/Cards/Treasure/Specific/Cutlass.xhtml', 
'Treasure', '2.0', '2.0 Core Set', 'Default',
'');
insert into Equipment (CardIndex, EquipmentType, Position, Effect) VALUES (2262, 'Character Treasure', 'Bottom', '+1G STR');
insert into KeywordAssignments (EquipmentIndex, KeywordIndex) VALUES (779, 794); --Parry
insert into EquipmentAssignments (EquipmentIndex, CharacterIndex) VALUES (779, 1125); --Black-Handed Henry: Explore
insert into EquipmentAssignments (EquipmentIndex, CharacterIndex) VALUES (779, 1134); --Black-Handed Henry: Arcade

--Eye Patch --CardIndex 2263 --EquipmentIndex 780
insert into Cards (Name, PictureFront, PictureBack, Link, CardType, ProductSet, ProductModule, PlayMode, Flavor) VALUES (
'Eye Patch',
'http://htkb.info/SDE/2.0/Cards/Treasure/Specific/Card_Treasure_Eye_Patch_2.0.png', 
'http://htkb.info/SDE/2.0/Cards/Treasure/Specific/Card_Treasure_Eye_Patch_2.0_back.png',
'http://htkb.online/SDWiki/SDE/2.0/Cards/Treasure/Specific/Eye_Patch.xhtml', 
'Treasure', '2.0', '2.0 Core Set', 'Default',
'It''s terribly comfortable.  Everyone will be wearing them in the futrure.');
insert into Equipment (CardIndex, EquipmentType, Position, Effect) VALUES (2263, 'Character Treasure', 'Bottom', '+1R WILL');
insert into AbilityAssignments (EquipmentIndex, AbilityIndex) VALUES (780, 2243); --ARRRR!
insert into EquipmentAssignments (EquipmentIndex, CharacterIndex) VALUES (780, 1125); --Black-Handed Henry: Explore
insert into EquipmentAssignments (EquipmentIndex, CharacterIndex) VALUES (780, 1134); --Black-Handed Henry: Arcade

--Invulnerability Potion --CardIndex 2264 --EquipmentIndex 781
insert into Cards (Name, PictureFront, PictureBack, Link, CardType, ProductSet, ProductModule, PlayMode, Flavor) VALUES (
'Invulnerability Potion',
'http://htkb.info/SDE/2.0/Cards/Loot/Specific/Card_Treasure_Invulnerability_Potion_2.0.png', 
'http://htkb.info/SDE/2.0/Cards/Loot/Specific/Card_Treasure_Invulnerability_Potion_2.0_back.png',
'http://htkb.online/SDWiki/SDE/2.0/Cards/Loot/Specific/Invulnerability_Potion.xhtml', 
'Loot', '2.0', '2.0 Core Set', 'Default',
'');
insert into Equipment (CardIndex, EquipmentType, Position, Effect) VALUES (2264, 'Character Loot', '', '');
insert into KeywordAssignments (EquipmentIndex, KeywordIndex) VALUES (781, 1158); --Brew a Special Potion
insert into EquipmentAssignments (EquipmentIndex, CharacterIndex) VALUES (781, 1106); --Black-Handed Henry: Hero

--Magic Compass --CardIndex 2265 --EquipmentIndex 782
insert into Cards (Name, PictureFront, PictureBack, Link, CardType, ProductSet, ProductModule, PlayMode, Flavor) VALUES (
'Magic Compass',
'http://htkb.info/SDE/2.0/Cards/Treasure/Specific/Card_Treasure_Magic_Compass_2.0.png', 
'http://htkb.info/SDE/2.0/Cards/Treasure/Specific/Card_Treasure_Magic_Compass_2.0_back.png',
'http://htkb.online/SDWiki/SDE/2.0/Cards/Treasure/Specific/Magic_Compass.xhtml', 
'Treasure', '2.0', '2.0 Core Set', 'Default',
'Bring me that horizon.');
insert into Equipment (CardIndex, EquipmentType, Position, Effect) VALUES (2265, 'Character Treasure', 'Top', '+1G WILL');
insert into AbilityAssignments (EquipmentIndex, AbilityIndex) VALUES (782, 2059); --This Way to Treasure!
insert into EquipmentAssignments (EquipmentIndex, CharacterIndex) VALUES (782, 1124); --Jolly Sparrow: Explore
insert into EquipmentAssignments (EquipmentIndex, CharacterIndex) VALUES (782, 1133); --Jolly Sparrow: Arcade

--Peg Leg --CardIndex 2266 --EquipmentIndex 783
insert into Cards (Name, PictureFront, PictureBack, Link, CardType, ProductSet, ProductModule, PlayMode, Flavor) VALUES (
'Peg Leg',
'http://htkb.info/SDE/2.0/Cards/Treasure/Specific/Card_Treasure_Peg_Leg_2.0.png', 
'http://htkb.info/SDE/2.0/Cards/Treasure/Specific/Card_Treasure_Peg_Leg_2.0_back.png',
'http://htkb.online/SDWiki/SDE/2.0/Cards/Treasure/Specific/Peg_Leg.xhtml', 
'Treasure', '2.0', '2.0 Core Set', 'Default',
'Watch for Woodworm.');
insert into Equipment (CardIndex, EquipmentType, Position, Effect) VALUES (2266, 'Character Treasure', 'Left', '-1MO +1R ARM');
insert into KeywordAssignments (EquipmentIndex, KeywordIndex) VALUES (783, 859); --Run Down
insert into EquipmentAssignments (EquipmentIndex, CharacterIndex) VALUES (783, 1125); --Black-Handed Henry: Explore
insert into EquipmentAssignments (EquipmentIndex, CharacterIndex) VALUES (783, 1134); --Black-Handed Henry: Arcade

--Pirate Hat --CardIndex 2267 --EquipmentIndex 784
insert into Cards (Name, PictureFront, PictureBack, Link, CardType, ProductSet, ProductModule, PlayMode, Flavor) VALUES (
'Pirate Hat',
'http://htkb.info/SDE/2.0/Cards/Treasure/Specific/Card_Treasure_Pirate_Hat_2.0.png', 
'http://htkb.info/SDE/2.0/Cards/Treasure/Specific/Card_Treasure_Pirate_Hat_2.0_back.png',
'http://htkb.online/SDWiki/SDE/2.0/Cards/Treasure/Specific/Pirate_Hat.xhtml', 
'Treasure', '2.0', '2.0 Core Set', 'Default',
'Cock your hat - angles are attitudes.');
insert into Equipment (CardIndex, EquipmentType, Position, Effect) VALUES (2267, 'Character Treasure', 'Top', '+1R ARM');
insert into EquipmentAssignments (EquipmentIndex, CharacterIndex) VALUES (784, 1125); --Black-Handed Henry: Explore
insert into EquipmentAssignments (EquipmentIndex, CharacterIndex) VALUES (784, 1134); --Black-Handed Henry: Arcade

--Treasure Map --CardIndex 2268 --EquipmentIndex 785
insert into Cards (Name, PictureFront, PictureBack, Link, CardType, ProductSet, ProductModule, PlayMode, Flavor) VALUES (
'Treasure Map',
'http://htkb.info/SDE/2.0/Cards/Treasure/Specific/Card_Treasure_Treasure_Map_2.0.png', 
'http://htkb.info/SDE/2.0/Cards/Treasure/Specific/Card_Treasure_Treasure_Map_2.0_back.png',
'http://htkb.online/SDWiki/SDE/2.0/Cards/Treasure/Specific/Treasure_Map.xhtml', 
'Treasure', '2.0', '2.0 Core Set', 'Default',
'Genuine and bona-fied.  Mr. Bimbo told me so.');
insert into Equipment (CardIndex, EquipmentType, Position, Effect) VALUES (2268, 'Character Treasure', 'Top', '+2MO +1 DEX');
insert into EquipmentAssignments (EquipmentIndex, CharacterIndex) VALUES (785, 1125); --Black-Handed Henry: Explore
insert into EquipmentAssignments (EquipmentIndex, CharacterIndex) VALUES (785, 1134); --Black-Handed Henry: Arcade















--2.0.2 
--Utility Cards
--Chasm --CardIndex cXXX --UtilityIndex uXXX --TerrainIndex tXXX
--2.0.2 
--Utility Cards
--Arcade	--CardIndex cXXX --UtilityIndex uXXX
--2.0.2 
--Plot Cards
--Acid Fog	--CardIndex cXXX --PlotIndex pXXX--SDE
--2.0.2
--Challenge Cards


--Cannons On Deck!	--CardIndex 2269 --ChallengeIndex 156
insert into Cards (Name, PictureFront, PictureBack, Link, CardType, ProductSet, ProductModule, PlayMode, Flavor)
VALUES ('Cannons On Deck!',
'http://htkb.info/SDE/2.0/Cards/Arcade/Challenges/Boss_Challenges/Black_Handed_Henry/Card_Boss_Challenge_Cannons_On_Deck_2.0.png', 
'http://htkb.info/SDE/2.0/Cards/Arcade/Challenges/Boss_Challenges/Backs/Card_Boss_Challenge_Yellow_Back_2.0.png', 
'http://htkb.online/SDWiki/SDE/2.0/Cards/Challenges/Boss_Challenges/Black_Handed_Henry/Cannons_On_Deck.xhtml', 
'Challenge', '2.0', '2.0 Core Set', 'Default', 
'I knew an elf name Monach.  Dreadful fellow.  Seriously the worst.  I never tired of launching cannonballs into his elf face.  Oh, he has nothing to do with you.  I was just reminiscing of that joyous occasion as I shoot you in th eface with cannonballs.  He smelled funny too.');
insert into Challenges (CardIndex, Trap, Challenge) VALUES (2269, 
'Spawn Loose Cannon within 3 squares of the dungeon boss until ther eare four in play.', 
'All monsters gain +1ST STR.');
insert into ChallengeAssignments (CharacterIndex, ChallengeIndex) VALUES (1134, 156); --Black-Handed Henry: Arcade

--Fire Breath Potion	--CardIndex 2270 --ChallengeIndex 157
insert into Cards (Name, PictureFront, PictureBack, Link, CardType, ProductSet, ProductModule, PlayMode, Flavor)
VALUES ('Fire Breath Potion',
'http://htkb.info/SDE/2.0/Cards/Arcade/Challenges/Boss_Challenges/Black_Handed_Henry/Card_Boss_Challenge_Fire_Breath_Potion_2.0.png', 
'http://htkb.info/SDE/2.0/Cards/Arcade/Challenges/Boss_Challenges/Backs/Card_Boss_Challenge_Yellow_Back_2.0.png', 
'http://htkb.online/SDWiki/SDE/2.0/Cards/Challenges/Boss_Challenges/Black_Handed_Henry/Fire_Breath_Potion.xhtml', 
'Challenge', '2.0', '2.0 Core Set', 'Default', 
'I met a savage monkey king in the jungles of Celestia who''s spirit was fire itself.  An exceptional cook, he laid me low with his spicy garlic sauce which forms the base of this particular concoction.');
insert into Challenges (CardIndex, Trap, Challenge) VALUES (2270, 
'All monsters perform the Unique command.  Then the dungeon boss performs the following action:  0AC Garlic Breath: Wave 3, FIRE', 
'All monster commands target the Hero with the least wrath.');
insert into ChallengeAssignments (CharacterIndex, ChallengeIndex) VALUES (1134, 157); --Black-Handed Henry: Arcade

--Icy Armor Potion	--CardIndex 2271 --ChallengeIndex 158
insert into Cards (Name, PictureFront, PictureBack, Link, CardType, ProductSet, ProductModule, PlayMode, Flavor)
VALUES ('Icy Armor Potion',
'http://htkb.info/SDE/2.0/Cards/Arcade/Challenges/Boss_Challenges/Black_Handed_Henry/Card_Boss_Challenge_Icy_Armor_Potion_2.0.png', 
'http://htkb.info/SDE/2.0/Cards/Arcade/Challenges/Boss_Challenges/Backs/Card_Boss_Challenge_Yellow_Back_2.0.png', 
'http://htkb.online/SDWiki/SDE/2.0/Cards/Challenges/Boss_Challenges/Black_Handed_Henry/Icy_Armor_Potion.xhtml', 
'Challenge', '2.0', '2.0 Core Set', 'Default', 
'Sometimes I just want the world to chill out and leave me alone.  So I had the Frostbyte Jotnar teach me a few secrets to distilling.  I find the cold bracing.  Besides, it''s not my fault you forgot to pack your parkas.');
insert into Challenges (CardIndex, Trap, Challenge) VALUES (2271, 
'The dungeon boss performs the following action:  0AC Ice Storm: Wave 3, ICE', 
'The dungeon boss gains +1ST ARM.');
insert into ChallengeAssignments (CharacterIndex, ChallengeIndex) VALUES (1134, 158); --Black-Handed Henry: Arcade

--Invulnerability Potion	--CardIndex 2272 --ChallengeIndex 159
insert into Cards (Name, PictureFront, PictureBack, Link, CardType, ProductSet, ProductModule, PlayMode, Flavor)
VALUES ('Invulnerability Potion',
'http://htkb.info/SDE/2.0/Cards/Arcade/Challenges/Boss_Challenges/Black_Handed_Henry/Card_Boss_Challenge_Invulnerability_Potion_2.0.png', 
'http://htkb.info/SDE/2.0/Cards/Arcade/Challenges/Boss_Challenges/Backs/Card_Boss_Challenge_Yellow_Back_2.0.png', 
'http://htkb.online/SDWiki/SDE/2.0/Cards/Challenges/Boss_Challenges/Black_Handed_Henry/Invulnerability_Potion.xhtml', 
'Challenge', '2.0', '2.0 Core Set', 'Default', 
'This one is a blueberry--child''s tears blend.  That''s right.  The secret is mashing a single berry between thumb and foreginger so only a single drop of juice is produced.  That drop must then be immediately mixed with a single toddler tear and battled.  Tragically, it must be a tear of joy.  Indeed, a great deal of my crew''s time is spent devising ways to make toddlers laugh.  We are the blackest of hearts.');
insert into Challenges (CardIndex, Trap, Challenge) VALUES (2272, 
'All monsters perform the Unique command.', 
'The dungeon boss may only be wounded if the attack is a critical (criticals are counted normally).');
insert into ChallengeAssignments (CharacterIndex, ChallengeIndex) VALUES (1134, 159); --Black-Handed Henry: Arcade

--Speed Potion	--CardIndex 2273 --ChallengeIndex 160
insert into Cards (Name, PictureFront, PictureBack, Link, CardType, ProductSet, ProductModule, PlayMode, Flavor)
VALUES ('Speed Potion',
'http://htkb.info/SDE/2.0/Cards/Arcade/Challenges/Boss_Challenges/Black_Handed_Henry/Card_Boss_Challenge_Speed_Potion_2.0.png', 
'http://htkb.info/SDE/2.0/Cards/Arcade/Challenges/Boss_Challenges/Backs/Card_Boss_Challenge_Yellow_Back_2.0.png', 
'http://htkb.online/SDWiki/SDE/2.0/Cards/Challenges/Boss_Challenges/Black_Handed_Henry/Speed_Potion.xhtml', 
'Challenge', '2.0', '2.0 Core Set', 'Default', 
'Ah, I thought up this recipe when I summoned the wind''s breath in the wilds of Kagejima.  A sly Kistune Clan spirit was a Halo of pure light that sped along its currents.  I managed to snatch a few hairs from their tail to create this brew.');
insert into Challenges (CardIndex, Trap, Challenge) VALUES (2273, 
'All monsters perform the Unique command.  Then the dungeon boss performs the following action:  0AC Hurricane Winds:  Wave 3, Push 3, KNOCKDOWN', 
'Only a single Hero may activate.');
insert into ChallengeAssignments (CharacterIndex, ChallengeIndex) VALUES (1134, 160); --Black-Handed Henry: Arcade








--2.0.2 
--Mighty Monster Cards
--Bonus ARM	--CardIndex cXXX --MightyMonsterIndex mXXX
--2.0.2 
--Consul Power Up Cards
--Fight Through the Pain	--CardIndex cXXX --ConsulPowerUpIndex cpuXXX
--2.0.2 
--Difficulty Cards
--Bounty	--CardIndex cXXX --DifficultyIndex dXXX
