--SDE
--2.0.2 
--Heroes


--Black-Handed Henry --CardIndex 2228	--CharacterIndex 1106	--ExploreCharacterIndex 774
insert into Cards (Name, PictureFront, PictureBack, Link, CardType, ProductSet, ProductModule, PlayMode, Flavor) VALUES (
'Black-Handed Henry', 
'http://htkb.info/SDE/2.0/Cards/Heroes/Card_Hero_Black_Handed_Henry_2.0.png', 
'http://htkb.info/SDE/2.0/Cards/Heroes/Card_Hero_Black_Handed_Henry_2.0_back.png', 
'http://htkb.online/SDWiki/SDE/2.0/Cards/Heroes/Black_Handed_Henry.xhtml', 
'Hero', '2.0', '2.0 Core Set', 'Default', 
'');
insert into Characters (CardIndex) VALUES (2228);
insert into AffinityAssignments (CharacterIndex, AffinityIndex) VALUES (1106, 4); --Sapphire
insert into ExploreCharacters (CharacterIndex, StandieFront, StandieBack, Gender, ModelSize, CreatureType, Movement, Actions, Strength, Armor, Will, Dexterity, Health, Potions) 
VALUES (1106, 
'http://htkb.info/SDE/2.0/Cards/Heroes/Standies/Black_Handed_Henry_2.0.png', 
'http://htkb.info/SDE/2.0/Cards/Heroes/Standies/Black_Handed_Henry_2.0_back.png',
'Masculine', 'Small', 'Dwarf Pirate', 6, 3, '2B', '3B', '3B', '2R', 6, 2);
insert into KeywordAssignments (ExploreCharacterIndex, KeywordIndex) VALUES (774, 1117); --Keep the Rum Flowing
insert into KeywordAssignments (ExploreCharacterIndex, KeywordIndex) VALUES (774, 798); --Pet: Polly
insert into AbilityAssignments (ExploreCharacterIndex, AbilityIndex) VALUES (774, 2116); --Extra Powder
insert into AbilityAssignments (ExploreCharacterIndex, AbilityIndex) VALUES (774, 2160); --Garlic Breath
insert into AbilityAssignments (ExploreCharacterIndex, AbilityIndex) VALUES (774, 2159); --Black Coffee
insert into AbilityAssignments (ExploreCharacterIndex, AbilityIndex) VALUES (774, 2161); --Minty Fortress
insert into OffenseAssignments (ExploreCharacterIndex, AttributeIndex, OffenseRange) VALUES (774, 4, 6); --Dexterity
insert into DefenseAssignments (ExploreCharacterIndex, AttributeIndex) VALUES (774, 2); --Armor

--Cheeto --CardIndex 2229	--CharacterIndex 1107	--ExploreCharacterIndex 775
insert into Cards (Name, PictureFront, PictureBack, Link, CardType, ProductSet, ProductModule, PlayMode, Flavor) VALUES (
'Cheeto', 
'http://htkb.info/SDE/2.0/Cards/Heroes/Card_Hero_Cheeto_2.0.png', 
'http://htkb.info/SDE/2.0/Cards/Heroes/Card_Hero_Cheeto_2.0_back.png', 
'http://htkb.online/SDWiki/SDE/2.0/Cards/Heroes/Cheeto.xhtml', 
'Hero', '2.0', '2.0 Core Set', 'Default', 
'');
insert into Characters (CardIndex) VALUES (2229);
insert into AffinityAssignments (CharacterIndex, AffinityIndex) VALUES (1107, 2); --Emerald
insert into ExploreCharacters (CharacterIndex, StandieFront, StandieBack, Gender, ModelSize, CreatureType, Movement, Actions, Strength, Armor, Will, Dexterity, Health, Potions) 
VALUES (1107, 
'http://htkb.info/SDE/2.0/Cards/Heroes/Standies/Cheeto_2.0.png', 
'http://htkb.info/SDE/2.0/Cards/Heroes/Standies/Cheeto_2.0_back.png',
'Masculine', 'Large', 'Bugbear', 5, 3, '2B 1R', '2R', '2B', '2B', 6, 1);
insert into KeywordAssignments (ExploreCharacterIndex, KeywordIndex) VALUES (775, 1020); --Sturdy
insert into KeywordAssignments (ExploreCharacterIndex, KeywordIndex) VALUES (775, 1110); --Familiar: Colo
insert into AbilityAssignments (ExploreCharacterIndex, AbilityIndex) VALUES (775, 2158); --Bow Bomb
insert into AbilityAssignments (ExploreCharacterIndex, AbilityIndex) VALUES (775, 2147); --Tear Your Arms Off
insert into AbilityAssignments (ExploreCharacterIndex, AbilityIndex) VALUES (775, 2137); --Scoundrel Slushie
insert into OffenseAssignments (ExploreCharacterIndex, AttributeIndex, OffenseRange) VALUES (775, 1, 2); --Strength
insert into DefenseAssignments (ExploreCharacterIndex, AttributeIndex) VALUES (775, 2); --Armor

--D'Shaun (Alt) --CardIndex 2230	--CharacterIndex 1108	--ExploreCharacterIndex 776
insert into Cards (Name, PictureFront, PictureBack, Link, CardType, ProductSet, ProductModule, PlayMode, Flavor) VALUES ('D''Shaun', 
'http://htkb.info/SDE/2.0/Cards/Heroes/Card_Hero_D_Shaun_alt_2.0.png', 
'http://htkb.info/SDE/2.0/Cards/Heroes/Card_Hero_D_Shaun_alt_2.0_back.png', 
'http://htkb.online/SDWiki/SDE/2.0/Cards/Heroes/D_Shaun_alt.xhtml', 
'Hero', '2.0', '2.0 Core Set', 'Default', 
'Growing up D''Shaun was an unabashed pirate fan. Every halloween costume was a pirate and every school report detailed his newest favorite cutthroat of the high seas. As the Cursed Captain, D''Shaun continues his obsession in his favorite video game.');
insert into Characters (CardIndex) VALUES (2230);
insert into AffinityAssignments (CharacterIndex, AffinityIndex) VALUES (1108, 3); --Ruby
insert into AffinityAssignments (CharacterIndex, AffinityIndex) VALUES (1108, 1); --Citrine
insert into ExploreCharacters (CharacterIndex, StandieFront, StandieBack, Gender, ModelSize, CreatureType, Movement, Actions, Strength, Armor, Will, Dexterity, Health, Potions) 
VALUES (1108, 
'http://htkb.info/SDE/2.0/Cards/Heroes/Standies/D_Shaun_2.0.png', 
'http://htkb.info/SDE/2.0/Cards/Heroes/Standies/D_Shaun_2.0_back.png',
'Masculine', 'Small', 'Human', 6, 3, '3B', '3B', '1B 1R', '1B 1R', 5, 1);
insert into KeywordAssignments (ExploreCharacterIndex, KeywordIndex) VALUES (776, 673); --Immune: Bane
insert into KeywordAssignments (ExploreCharacterIndex, KeywordIndex) VALUES (776, 679); --Immune: Poison
insert into AbilityAssignments (ExploreCharacterIndex, AbilityIndex) VALUES (776, 1147); --Flintlock
insert into AbilityAssignments (ExploreCharacterIndex, AbilityIndex) VALUES (776, 1352); --Kraken
insert into AbilityAssignments (ExploreCharacterIndex, AbilityIndex) VALUES (776, 1864); --Treasure Map
insert into OffenseAssignments (ExploreCharacterIndex, AttributeIndex, OffenseRange) VALUES (776, 1, 1); --Strength
insert into DefenseAssignments (ExploreCharacterIndex, AttributeIndex) VALUES (776, 2); --Armor

--Deepwater Diver --CardIndex 2231	--CharacterIndex 1109	--ExploreCharacterIndex 777
insert into Cards (Name, PictureFront, PictureBack, Link, CardType, ProductSet, ProductModule, PlayMode, Flavor) VALUES ('D''Shaun', 
'http://htkb.info/SDE/2.0/Cards/Heroes/Card_Hero_Deepwater_Diver_2.0.png', 
'http://htkb.info/SDE/2.0/Cards/Heroes/Card_Hero_Deepwater_Diver_2.0_back.png', 
'http://htkb.online/SDWiki/SDE/2.0/Cards/Heroes/Deepwater_Diver.xhtml', 
'Hero', '2.0', '2.0 Core Set', 'Default', 
'');
insert into Characters (CardIndex) VALUES (2231);
insert into AffinityAssignments (CharacterIndex, AffinityIndex) VALUES (1109, 1); --Citrine
insert into ExploreCharacters (CharacterIndex, StandieFront, StandieBack, Gender, ModelSize, CreatureType, Movement, Actions, Strength, Armor, Will, Dexterity, Health, Potions) 
VALUES (1109, 
'http://htkb.info/SDE/2.0/Cards/Heroes/Standies/Deepwater_Diver_2.0.png', 
'http://htkb.info/SDE/2.0/Cards/Heroes/Standies/Deepwater_Diver_2.0_back.png',
'Either', 'Large', 'Gnome Construct', 5, 3, '2R', '3B 1R', '2B', '1B', 5, 1);
insert into KeywordAssignments (ExploreCharacterIndex, KeywordIndex) VALUES (777, 636); --Grabby
insert into KeywordAssignments (ExploreCharacterIndex, KeywordIndex) VALUES (777, 676); --Immune: Ice
insert into AbilityAssignments (ExploreCharacterIndex, AbilityIndex) VALUES (777, 2125); --Lead With The Beard
insert into AbilityAssignments (ExploreCharacterIndex, AbilityIndex) VALUES (777, 2121); --Go.  Go.  Grabby Claws
insert into AbilityAssignments (ExploreCharacterIndex, AbilityIndex) VALUES (777, 2139); --Seal The Hatches
insert into AbilityAssignments (ExploreCharacterIndex, AbilityIndex) VALUES (777, 2109); --Bubbles!
insert into OffenseAssignments (ExploreCharacterIndex, AttributeIndex, OffenseRange) VALUES (777, 1, 2); --Strength
insert into DefenseAssignments (ExploreCharacterIndex, AttributeIndex) VALUES (777, 2); --Armor

--Eiko Ando --CardIndex 2232	--CharacterIndex 1110	--ExploreCharacterIndex 778
insert into Cards (Name, PictureFront, PictureBack, Link, CardType, ProductSet, ProductModule, PlayMode, Flavor) VALUES (
'Eiko Ando', 
'http://htkb.info/SDE/2.0/Cards/Heroes/Card_Hero_Eiko_Ando_2.0.png', 
'http://htkb.info/SDE/2.0/Cards/Heroes/Card_Hero_Eiko_Ando_2.0_back.png', 
'http://htkb.online/SDWiki/SDE/2.0/Cards/Heroes/Eiko_Ando.xhtml', 
'Hero', '2.0', '2.0 Core Set', 'Default', 
'');
insert into Characters (CardIndex) VALUES (2232);
insert into AffinityAssignments (CharacterIndex, AffinityIndex) VALUES (1110, 4); --Sapphire
insert into ExploreCharacters (CharacterIndex, StandieFront, StandieBack, Gender, ModelSize, CreatureType, Movement, Actions, Strength, Armor, Will, Dexterity, Health, Potions) 
VALUES (1110, 
'http://htkb.info/SDE/2.0/Cards/Heroes/Standies/Eiko_Ando_2.0.png', 
'http://htkb.info/SDE/2.0/Cards/Heroes/Standies/Eiko_Ando_2.0_back.png',
'Feminine', 'Small', 'Human', 6, 3, '2B', '3B', '3B', '2B', 5, 1);
insert into KeywordAssignments (ExploreCharacterIndex, KeywordIndex) VALUES (778, 1108); --Exorcist
insert into AbilityAssignments (ExploreCharacterIndex, AbilityIndex) VALUES (778, 2134); --Power of Prayer, The
insert into AbilityAssignments (ExploreCharacterIndex, AbilityIndex) VALUES (778, 2135); --Purifying Water
insert into AbilityAssignments (ExploreCharacterIndex, AbilityIndex) VALUES (778, 2141); --Soulmark
insert into AbilityAssignments (ExploreCharacterIndex, AbilityIndex) VALUES (778, 2142); --Soul Tether
insert into OffenseAssignments (ExploreCharacterIndex, AttributeIndex, OffenseRange) VALUES (778, 3, 8); --Will
insert into DefenseAssignments (ExploreCharacterIndex, AttributeIndex) VALUES (778, 2); --Armor

--Hermit Swordmage --CardIndex 2233	--CharacterIndex 1111	--ExploreCharacterIndex 779
insert into Cards (Name, PictureFront, PictureBack, Link, CardType, ProductSet, ProductModule, PlayMode, Flavor) VALUES (
'Hermit Swordmage', 
'http://htkb.info/SDE/2.0/Cards/Heroes/Card_Hero_Hermit_Swordmage_2.0.png', 
'http://htkb.info/SDE/2.0/Cards/Heroes/Card_Hero_Hermit_Swordmage_2.0_back.png', 
'http://htkb.online/SDWiki/SDE/2.0/Cards/Heroes/Hermit_Swordmage.xhtml', 
'Hero', '2.0', '2.0 Core Set', 'Default', 
'');
insert into Characters (CardIndex) VALUES (2233);
insert into AffinityAssignments (CharacterIndex, AffinityIndex) VALUES (1111, 4); --Sapphire
insert into ExploreCharacters (CharacterIndex, StandieFront, StandieBack, Gender, ModelSize, CreatureType, Movement, Actions, Strength, Armor, Will, Dexterity, Health, Potions) 
VALUES (1111, 
'http://htkb.info/SDE/2.0/Cards/Heroes/Standies/Eiko_Ando_2.0.png', 
'http://htkb.info/SDE/2.0/Cards/Heroes/Standies/Eiko_Ando_2.0_back.png',
'Masculine', 'Small', 'Human', 6, 3, '3B', '2R', '2B 1R', '3B', 5, 1);
insert into KeywordAssignments (ExploreCharacterIndex, KeywordIndex) VALUES (779, 796); --Pep Talk
insert into KeywordAssignments (ExploreCharacterIndex, KeywordIndex) VALUES (779, 1007); --Steady
insert into AbilityAssignments (ExploreCharacterIndex, AbilityIndex) VALUES (779, 2128); --Mage Push
insert into AbilityAssignments (ExploreCharacterIndex, AbilityIndex) VALUES (779, 2129); --Master Push
insert into AbilityAssignments (ExploreCharacterIndex, AbilityIndex) VALUES (779, 2130); --Mind Trick
insert into AbilityAssignments (ExploreCharacterIndex, AbilityIndex) VALUES (779, 2110); --Cantina Coffee
insert into OffenseAssignments (ExploreCharacterIndex, AttributeIndex, OffenseRange) VALUES (779, 3, 1); --Will
insert into DefenseAssignments (ExploreCharacterIndex, AttributeIndex) VALUES (779, 2); --Armor

--Magoichi --CardIndex 2234	--CharacterIndex 1112	--ExploreCharacterIndex 780
insert into Cards (Name, PictureFront, PictureBack, Link, CardType, ProductSet, ProductModule, PlayMode, Flavor) VALUES (
'Magoichi', 
'http://htkb.info/SDE/2.0/Cards/Heroes/Card_Hero_Magoichi_2.0.png', 
'http://htkb.info/SDE/2.0/Cards/Heroes/Card_Hero_Magoichi_2.0_back.png', 
'http://htkb.online/SDWiki/SDE/2.0/Cards/Heroes/Magoichi.xhtml', 
'Hero', '2.0', '2.0 Core Set', 'Default', 
'');
insert into Characters (CardIndex) VALUES (2234);
insert into AffinityAssignments (CharacterIndex, AffinityIndex) VALUES (1112, 4); --Sapphire
insert into ExploreCharacters (CharacterIndex, StandieFront, StandieBack, Gender, ModelSize, CreatureType, Movement, Actions, Strength, Armor, Will, Dexterity, Health, Potions) 
VALUES (1112, 
'http://htkb.info/SDE/2.0/Cards/Heroes/Standies/Magoichi_2.0.png', 
'http://htkb.info/SDE/2.0/Cards/Heroes/Standies/Magoichi_2.0_back.png',
'Masculine', 'Small', 'Human', 6, 3, '3B', '2R', '1B', '2R', 5, 1);
insert into KeywordAssignments (ExploreCharacterIndex, KeywordIndex) VALUES (780, 557); --Discipline
insert into KeywordAssignments (ExploreCharacterIndex, KeywordIndex) VALUES (780, 843); --Reckless
insert into AbilityAssignments (ExploreCharacterIndex, AbilityIndex) VALUES (780, 2153); --Black Powder
insert into AbilityAssignments (ExploreCharacterIndex, AbilityIndex) VALUES (780, 2123); --I Just Stuffed Some Cutlery In There...
insert into AbilityAssignments (ExploreCharacterIndex, AbilityIndex) VALUES (780, 2131); --MORE POWDER!
insert into OffenseAssignments (ExploreCharacterIndex, AttributeIndex, OffenseRange) VALUES (780, 4, 10); --Dexterity
insert into DefenseAssignments (ExploreCharacterIndex, AttributeIndex) VALUES (780, 2); --Armor

--Pirate Captain --CardIndex 2235	--CharacterIndex 1113	--ExploreCharacterIndex 781
insert into Cards (Name, PictureFront, PictureBack, Link, CardType, ProductSet, ProductModule, PlayMode, Flavor) VALUES (
'Pirate Captain', 
'http://htkb.info/SDE/2.0/Cards/Heroes/Card_Hero_Pirate_Captain_2.0.png', 
'http://htkb.info/SDE/2.0/Cards/Heroes/Card_Hero_Pirate_Captain_2.0_back.png', 
'http://htkb.online/SDWiki/SDE/2.0/Cards/Heroes/Pirate_Captain.xhtml', 
'Hero', '2.0', '2.0 Core Set', 'Default', 
'');
insert into Characters (CardIndex) VALUES (2235);
insert into AffinityAssignments (CharacterIndex, AffinityIndex) VALUES (1113, 4); --Sapphire
insert into ExploreCharacters (CharacterIndex, StandieFront, StandieBack, Gender, ModelSize, CreatureType, Movement, Actions, Strength, Armor, Will, Dexterity, Health, Potions) 
VALUES (1113, 
'http://htkb.info/SDE/2.0/Cards/Heroes/Standies/Pirate_Captain_2.0.png', 
'http://htkb.info/SDE/2.0/Cards/Heroes/Standies/Pirate_Captain_2.0_back.png',
'Masculine', 'Small', 'Pirate Human', 6, 3, '2R', '3B', '2B', '3B', 5, 1);
insert into KeywordAssignments (ExploreCharacterIndex, KeywordIndex) VALUES (781, 794); --Parry
insert into AbilityAssignments (ExploreCharacterIndex, AbilityIndex) VALUES (781, 2116); --Extra Powder
insert into AbilityAssignments (ExploreCharacterIndex, AbilityIndex) VALUES (781, 2118); --Fancy Sword Work
insert into AbilityAssignments (ExploreCharacterIndex, AbilityIndex) VALUES (781, 2113); --Double Cross
insert into AbilityAssignments (ExploreCharacterIndex, AbilityIndex) VALUES (781, 2136); --Rum
insert into OffenseAssignments (ExploreCharacterIndex, AttributeIndex, OffenseRange) VALUES (781, 1, 1); --Strength
insert into OffenseAssignments (ExploreCharacterIndex, AttributeIndex, OffenseRange) VALUES (781, 4, 6); --Dexterity
insert into DefenseAssignments (ExploreCharacterIndex, AttributeIndex) VALUES (781, 2); --Armor

--Skuttle Knight --CardIndex 2236	--CharacterIndex 1114	--ExploreCharacterIndex 782
insert into Cards (Name, PictureFront, PictureBack, Link, CardType, ProductSet, ProductModule, PlayMode, Flavor) VALUES (
'Skuttle Knight', 
'http://htkb.info/SDE/2.0/Cards/Heroes/Card_Hero_Skuttle_Knight_2.0.png', 
'http://htkb.info/SDE/2.0/Cards/Heroes/Card_Hero_Skuttle_Knight_2.0_back.png', 
'http://htkb.online/SDWiki/SDE/2.0/Cards/Heroes/Skuttle_Knight.xhtml', 
'Hero', '2.0', '2.0 Core Set', 'Default', 
'');
insert into Characters (CardIndex) VALUES (2236);
insert into AffinityAssignments (CharacterIndex, AffinityIndex) VALUES (1114, 4); --Sapphire
insert into ExploreCharacters (CharacterIndex, StandieFront, StandieBack, Gender, ModelSize, CreatureType, Movement, Actions, Strength, Armor, Will, Dexterity, Health, Potions) 
VALUES (1114, 
'http://htkb.info/SDE/2.0/Cards/Heroes/Standies/Skuttle_Knight_2.0.png', 
'http://htkb.info/SDE/2.0/Cards/Heroes/Standies/Skuttle_Knight_2.0_back.png',
'Masculine', 'Large', 'Gnome', 3, 4, '2R', '2B 1R', '3B', '2B', 5, 1);
insert into KeywordAssignments (ExploreCharacterIndex, KeywordIndex) VALUES (782, 1023); --Surefoot
insert into KeywordAssignments (ExploreCharacterIndex, KeywordIndex) VALUES (782, 1107); --Catastrohpic Failure
insert into AbilityAssignments (ExploreCharacterIndex, AbilityIndex) VALUES (782, 2133); --Pinch And Tear
insert into AbilityAssignments (ExploreCharacterIndex, AbilityIndex) VALUES (782, 2150); --Vent Steam
insert into AbilityAssignments (ExploreCharacterIndex, AbilityIndex) VALUES (782, 2140); --Skuttle
insert into AbilityAssignments (ExploreCharacterIndex, AbilityIndex) VALUES (782, 2111); --Crab Juice
insert into OffenseAssignments (ExploreCharacterIndex, AttributeIndex, OffenseRange) VALUES (782, 1, 2); --Strength
insert into DefenseAssignments (ExploreCharacterIndex, AttributeIndex) VALUES (782, 2); --Armor












